date,day_of_week,month,quarter,year,is_trading_day
2020-01-01,Wednesday,1,1,2020,True
2020-01-02,Thursday,1,1,2020,True
2020-01-03,Friday,1,1,2020,True
2020-01-04,Saturday,1,1,2020,False
2020-01-05,Sunday,1,1,2020,False
2020-01-06,Monday,1,1,2020,True
2020-01-07,Tuesday,1,1,2020,True
2020-01-08,Wednesday,1,1,2020,True
2020-01-09,Thursday,1,1,2020,True
2020-01-10,Friday,1,1,2020,True
2020-01-11,Saturday,1,1,2020,False
2020-01-12,Sunday,1,1,2020,False
2020-01-13,Monday,1,1,2020,True
2020-01-14,Tuesday,1,1,2020,True
2020-01-15,Wednesday,1,1,2020,True
2020-01-16,Thursday,1,1,2020,True
2020-01-17,Friday,1,1,2020,True
2020-01-18,Saturday,1,1,2020,False
2020-01-19,Sunday,1,1,2020,False
2020-01-20,Monday,1,1,2020,True
2020-01-21,Tuesday,1,1,2020,True
2020-01-22,Wednesday,1,1,2020,True
2020-01-23,Thursday,1,1,2020,True
2020-01-24,Friday,1,1,2020,True
2020-01-25,Saturday,1,1,2020,False
2020-01-26,Sunday,1,1,2020,False
2020-01-27,Monday,1,1,2020,True
2020-01-28,Tuesday,1,1,2020,True
2020-01-29,Wednesday,1,1,2020,True
2020-01-30,Thursday,1,1,2020,True
2020-01-31,Friday,1,1,2020,True
2020-02-01,Saturday,2,1,2020,False
2020-02-02,Sunday,2,1,2020,False
2020-02-03,Monday,2,1,2020,True
2020-02-04,Tuesday,2,1,2020,True
2020-02-05,Wednesday,2,1,2020,True
2020-02-06,Thursday,2,1,2020,True
2020-02-07,Friday,2,1,2020,True
2020-02-08,Saturday,2,1,2020,False
2020-02-09,Sunday,2,1,2020,False
2020-02-10,Monday,2,1,2020,True
2020-02-11,Tuesday,2,1,2020,True
2020-02-12,Wednesday,2,1,2020,True
2020-02-13,Thursday,2,1,2020,True
2020-02-14,Friday,2,1,2020,True
2020-02-15,Saturday,2,1,2020,False
2020-02-16,Sunday,2,1,2020,False
2020-02-17,Monday,2,1,2020,True
2020-02-18,Tuesday,2,1,2020,True
2020-02-19,Wednesday,2,1,2020,True
2020-02-20,Thursday,2,1,2020,True
2020-02-21,Friday,2,1,2020,True
2020-02-22,Saturday,2,1,2020,False
2020-02-23,Sunday,2,1,2020,False
2020-02-24,Monday,2,1,2020,True
2020-02-25,Tuesday,2,1,2020,True
2020-02-26,Wednesday,2,1,2020,True
2020-02-27,Thursday,2,1,2020,True
2020-02-28,Friday,2,1,2020,True
2020-02-29,Saturday,2,1,2020,False
2020-03-01,Sunday,3,1,2020,False
2020-03-02,Monday,3,1,2020,True
2020-03-03,Tuesday,3,1,2020,True
2020-03-04,Wednesday,3,1,2020,True
2020-03-05,Thursday,3,1,2020,True
2020-03-06,Friday,3,1,2020,True
2020-03-07,Saturday,3,1,2020,False
2020-03-08,Sunday,3,1,2020,False
2020-03-09,Monday,3,1,2020,True
2020-03-10,Tuesday,3,1,2020,True
2020-03-11,Wednesday,3,1,2020,True
2020-03-12,Thursday,3,1,2020,True
2020-03-13,Friday,3,1,2020,True
2020-03-14,Saturday,3,1,2020,False
2020-03-15,Sunday,3,1,2020,False
2020-03-16,Monday,3,1,2020,True
2020-03-17,Tuesday,3,1,2020,True
2020-03-18,Wednesday,3,1,2020,True
2020-03-19,Thursday,3,1,2020,True
2020-03-20,Friday,3,1,2020,True
2020-03-21,Saturday,3,1,2020,False
2020-03-22,Sunday,3,1,2020,False
2020-03-23,Monday,3,1,2020,True
2020-03-24,Tuesday,3,1,2020,True
2020-03-25,Wednesday,3,1,2020,True
2020-03-26,Thursday,3,1,2020,True
2020-03-27,Friday,3,1,2020,True
2020-03-28,Saturday,3,1,2020,False
2020-03-29,Sunday,3,1,2020,False
2020-03-30,Monday,3,1,2020,True
2020-03-31,Tuesday,3,1,2020,True
2020-04-01,Wednesday,4,2,2020,True
2020-04-02,Thursday,4,2,2020,True
2020-04-03,Friday,4,2,2020,True
2020-04-04,Saturday,4,2,2020,False
2020-04-05,Sunday,4,2,2020,False
2020-04-06,Monday,4,2,2020,True
2020-04-07,Tuesday,4,2,2020,True
2020-04-08,Wednesday,4,2,2020,True
2020-04-09,Thursday,4,2,2020,True
2020-04-10,Friday,4,2,2020,True
2020-04-11,Saturday,4,2,2020,False
2020-04-12,Sunday,4,2,2020,False
2020-04-13,Monday,4,2,2020,True
2020-04-14,Tuesday,4,2,2020,True
2020-04-15,Wednesday,4,2,2020,True
2020-04-16,Thursday,4,2,2020,True
2020-04-17,Friday,4,2,2020,True
2020-04-18,Saturday,4,2,2020,False
2020-04-19,Sunday,4,2,2020,False
2020-04-20,Monday,4,2,2020,True
2020-04-21,Tuesday,4,2,2020,True
2020-04-22,Wednesday,4,2,2020,True
2020-04-23,Thursday,4,2,2020,True
2020-04-24,Friday,4,2,2020,True
2020-04-25,Saturday,4,2,2020,False
2020-04-26,Sunday,4,2,2020,False
2020-04-27,Monday,4,2,2020,True
2020-04-28,Tuesday,4,2,2020,True
2020-04-29,Wednesday,4,2,2020,True
2020-04-30,Thursday,4,2,2020,True
2020-05-01,Friday,5,2,2020,True
2020-05-02,Saturday,5,2,2020,False
2020-05-03,Sunday,5,2,2020,False
2020-05-04,Monday,5,2,2020,True
2020-05-05,Tuesday,5,2,2020,True
2020-05-06,Wednesday,5,2,2020,True
2020-05-07,Thursday,5,2,2020,True
2020-05-08,Friday,5,2,2020,True
2020-05-09,Saturday,5,2,2020,False
2020-05-10,Sunday,5,2,2020,False
2020-05-11,Monday,5,2,2020,True
2020-05-12,Tuesday,5,2,2020,True
2020-05-13,Wednesday,5,2,2020,True
2020-05-14,Thursday,5,2,2020,True
2020-05-15,Friday,5,2,2020,True
2020-05-16,Saturday,5,2,2020,False
2020-05-17,Sunday,5,2,2020,False
2020-05-18,Monday,5,2,2020,True
2020-05-19,Tuesday,5,2,2020,True
2020-05-20,Wednesday,5,2,2020,True
2020-05-21,Thursday,5,2,2020,True
2020-05-22,Friday,5,2,2020,True
2020-05-23,Saturday,5,2,2020,False
2020-05-24,Sunday,5,2,2020,False
2020-05-25,Monday,5,2,2020,True
2020-05-26,Tuesday,5,2,2020,True
2020-05-27,Wednesday,5,2,2020,True
2020-05-28,Thursday,5,2,2020,True
2020-05-29,Friday,5,2,2020,True
2020-05-30,Saturday,5,2,2020,False
2020-05-31,Sunday,5,2,2020,False
2020-06-01,Monday,6,2,2020,True
2020-06-02,Tuesday,6,2,2020,True
2020-06-03,Wednesday,6,2,2020,True
2020-06-04,Thursday,6,2,2020,True
2020-06-05,Friday,6,2,2020,True
2020-06-06,Saturday,6,2,2020,False
2020-06-07,Sunday,6,2,2020,False
2020-06-08,Monday,6,2,2020,True
2020-06-09,Tuesday,6,2,2020,True
2020-06-10,Wednesday,6,2,2020,True
2020-06-11,Thursday,6,2,2020,True
2020-06-12,Friday,6,2,2020,True
2020-06-13,Saturday,6,2,2020,False
2020-06-14,Sunday,6,2,2020,False
2020-06-15,Monday,6,2,2020,True
2020-06-16,Tuesday,6,2,2020,True
2020-06-17,Wednesday,6,2,2020,True
2020-06-18,Thursday,6,2,2020,True
2020-06-19,Friday,6,2,2020,True
2020-06-20,Saturday,6,2,2020,False
2020-06-21,Sunday,6,2,2020,False
2020-06-22,Monday,6,2,2020,True
2020-06-23,Tuesday,6,2,2020,True
2020-06-24,Wednesday,6,2,2020,True
2020-06-25,Thursday,6,2,2020,True
2020-06-26,Friday,6,2,2020,True
2020-06-27,Saturday,6,2,2020,False
2020-06-28,Sunday,6,2,2020,False
2020-06-29,Monday,6,2,2020,True
2020-06-30,Tuesday,6,2,2020,True
2020-07-01,Wednesday,7,3,2020,True
2020-07-02,Thursday,7,3,2020,True
2020-07-03,Friday,7,3,2020,True
2020-07-04,Saturday,7,3,2020,False
2020-07-05,Sunday,7,3,2020,False
2020-07-06,Monday,7,3,2020,True
2020-07-07,Tuesday,7,3,2020,True
2020-07-08,Wednesday,7,3,2020,True
2020-07-09,Thursday,7,3,2020,True
2020-07-10,Friday,7,3,2020,True
2020-07-11,Saturday,7,3,2020,False
2020-07-12,Sunday,7,3,2020,False
2020-07-13,Monday,7,3,2020,True
2020-07-14,Tuesday,7,3,2020,True
2020-07-15,Wednesday,7,3,2020,True
2020-07-16,Thursday,7,3,2020,True
2020-07-17,Friday,7,3,2020,True
2020-07-18,Saturday,7,3,2020,False
2020-07-19,Sunday,7,3,2020,False
2020-07-20,Monday,7,3,2020,True
2020-07-21,Tuesday,7,3,2020,True
2020-07-22,Wednesday,7,3,2020,True
2020-07-23,Thursday,7,3,2020,True
2020-07-24,Friday,7,3,2020,True
2020-07-25,Saturday,7,3,2020,False
2020-07-26,Sunday,7,3,2020,False
2020-07-27,Monday,7,3,2020,True
2020-07-28,Tuesday,7,3,2020,True
2020-07-29,Wednesday,7,3,2020,True
2020-07-30,Thursday,7,3,2020,True
2020-07-31,Friday,7,3,2020,True
2020-08-01,Saturday,8,3,2020,False
2020-08-02,Sunday,8,3,2020,False
2020-08-03,Monday,8,3,2020,True
2020-08-04,Tuesday,8,3,2020,True
2020-08-05,Wednesday,8,3,2020,True
2020-08-06,Thursday,8,3,2020,True
2020-08-07,Friday,8,3,2020,True
2020-08-08,Saturday,8,3,2020,False
2020-08-09,Sunday,8,3,2020,False
2020-08-10,Monday,8,3,2020,True
2020-08-11,Tuesday,8,3,2020,True
2020-08-12,Wednesday,8,3,2020,True
2020-08-13,Thursday,8,3,2020,True
2020-08-14,Friday,8,3,2020,True
2020-08-15,Saturday,8,3,2020,False
2020-08-16,Sunday,8,3,2020,False
2020-08-17,Monday,8,3,2020,True
2020-08-18,Tuesday,8,3,2020,True
2020-08-19,Wednesday,8,3,2020,True
2020-08-20,Thursday,8,3,2020,True
2020-08-21,Friday,8,3,2020,True
2020-08-22,Saturday,8,3,2020,False
2020-08-23,Sunday,8,3,2020,False
2020-08-24,Monday,8,3,2020,True
2020-08-25,Tuesday,8,3,2020,True
2020-08-26,Wednesday,8,3,2020,True
2020-08-27,Thursday,8,3,2020,True
2020-08-28,Friday,8,3,2020,True
2020-08-29,Saturday,8,3,2020,False
2020-08-30,Sunday,8,3,2020,False
2020-08-31,Monday,8,3,2020,True
2020-09-01,Tuesday,9,3,2020,True
2020-09-02,Wednesday,9,3,2020,True
2020-09-03,Thursday,9,3,2020,True
2020-09-04,Friday,9,3,2020,True
2020-09-05,Saturday,9,3,2020,False
2020-09-06,Sunday,9,3,2020,False
2020-09-07,Monday,9,3,2020,True
2020-09-08,Tuesday,9,3,2020,True
2020-09-09,Wednesday,9,3,2020,True
2020-09-10,Thursday,9,3,2020,True
2020-09-11,Friday,9,3,2020,True
2020-09-12,Saturday,9,3,2020,False
2020-09-13,Sunday,9,3,2020,False
2020-09-14,Monday,9,3,2020,True
2020-09-15,Tuesday,9,3,2020,True
2020-09-16,Wednesday,9,3,2020,True
2020-09-17,Thursday,9,3,2020,True
2020-09-18,Friday,9,3,2020,True
2020-09-19,Saturday,9,3,2020,False
2020-09-20,Sunday,9,3,2020,False
2020-09-21,Monday,9,3,2020,True
2020-09-22,Tuesday,9,3,2020,True
2020-09-23,Wednesday,9,3,2020,True
2020-09-24,Thursday,9,3,2020,True
2020-09-25,Friday,9,3,2020,True
2020-09-26,Saturday,9,3,2020,False
2020-09-27,Sunday,9,3,2020,False
2020-09-28,Monday,9,3,2020,True
2020-09-29,Tuesday,9,3,2020,True
2020-09-30,Wednesday,9,3,2020,True
2020-10-01,Thursday,10,4,2020,True
2020-10-02,Friday,10,4,2020,True
2020-10-03,Saturday,10,4,2020,False
2020-10-04,Sunday,10,4,2020,False
2020-10-05,Monday,10,4,2020,True
2020-10-06,Tuesday,10,4,2020,True
2020-10-07,Wednesday,10,4,2020,True
2020-10-08,Thursday,10,4,2020,True
2020-10-09,Friday,10,4,2020,True
2020-10-10,Saturday,10,4,2020,False
2020-10-11,Sunday,10,4,2020,False
2020-10-12,Monday,10,4,2020,True
2020-10-13,Tuesday,10,4,2020,True
2020-10-14,Wednesday,10,4,2020,True
2020-10-15,Thursday,10,4,2020,True
2020-10-16,Friday,10,4,2020,True
2020-10-17,Saturday,10,4,2020,False
2020-10-18,Sunday,10,4,2020,False
2020-10-19,Monday,10,4,2020,True
2020-10-20,Tuesday,10,4,2020,True
2020-10-21,Wednesday,10,4,2020,True
2020-10-22,Thursday,10,4,2020,True
2020-10-23,Friday,10,4,2020,True
2020-10-24,Saturday,10,4,2020,False
2020-10-25,Sunday,10,4,2020,False
2020-10-26,Monday,10,4,2020,True
2020-10-27,Tuesday,10,4,2020,True
2020-10-28,Wednesday,10,4,2020,True
2020-10-29,Thursday,10,4,2020,True
2020-10-30,Friday,10,4,2020,True
2020-10-31,Saturday,10,4,2020,False
2020-11-01,Sunday,11,4,2020,False
2020-11-02,Monday,11,4,2020,True
2020-11-03,Tuesday,11,4,2020,True
2020-11-04,Wednesday,11,4,2020,True
2020-11-05,Thursday,11,4,2020,True
2020-11-06,Friday,11,4,2020,True
2020-11-07,Saturday,11,4,2020,False
2020-11-08,Sunday,11,4,2020,False
2020-11-09,Monday,11,4,2020,True
2020-11-10,Tuesday,11,4,2020,True
2020-11-11,Wednesday,11,4,2020,True
2020-11-12,Thursday,11,4,2020,True
2020-11-13,Friday,11,4,2020,True
2020-11-14,Saturday,11,4,2020,False
2020-11-15,Sunday,11,4,2020,False
2020-11-16,Monday,11,4,2020,True
2020-11-17,Tuesday,11,4,2020,True
2020-11-18,Wednesday,11,4,2020,True
2020-11-19,Thursday,11,4,2020,True
2020-11-20,Friday,11,4,2020,True
2020-11-21,Saturday,11,4,2020,False
2020-11-22,Sunday,11,4,2020,False
2020-11-23,Monday,11,4,2020,True
2020-11-24,Tuesday,11,4,2020,True
2020-11-25,Wednesday,11,4,2020,True
2020-11-26,Thursday,11,4,2020,True
2020-11-27,Friday,11,4,2020,True
2020-11-28,Saturday,11,4,2020,False
2020-11-29,Sunday,11,4,2020,False
2020-11-30,Monday,11,4,2020,True
2020-12-01,Tuesday,12,4,2020,True
2020-12-02,Wednesday,12,4,2020,True
2020-12-03,Thursday,12,4,2020,True
2020-12-04,Friday,12,4,2020,True
2020-12-05,Saturday,12,4,2020,False
2020-12-06,Sunday,12,4,2020,False
2020-12-07,Monday,12,4,2020,True
2020-12-08,Tuesday,12,4,2020,True
2020-12-09,Wednesday,12,4,2020,True
2020-12-10,Thursday,12,4,2020,True
2020-12-11,Friday,12,4,2020,True
2020-12-12,Saturday,12,4,2020,False
2020-12-13,Sunday,12,4,2020,False
2020-12-14,Monday,12,4,2020,True
2020-12-15,Tuesday,12,4,2020,True
2020-12-16,Wednesday,12,4,2020,True
2020-12-17,Thursday,12,4,2020,True
2020-12-18,Friday,12,4,2020,True
2020-12-19,Saturday,12,4,2020,False
2020-12-20,Sunday,12,4,2020,False
2020-12-21,Monday,12,4,2020,True
2020-12-22,Tuesday,12,4,2020,True
2020-12-23,Wednesday,12,4,2020,True
2020-12-24,Thursday,12,4,2020,True
2020-12-25,Friday,12,4,2020,True
2020-12-26,Saturday,12,4,2020,False
2020-12-27,Sunday,12,4,2020,False
2020-12-28,Monday,12,4,2020,True
2020-12-29,Tuesday,12,4,2020,True
2020-12-30,Wednesday,12,4,2020,True
2020-12-31,Thursday,12,4,2020,True
2021-01-01,Friday,1,1,2021,True
2021-01-02,Saturday,1,1,2021,False
2021-01-03,Sunday,1,1,2021,False
2021-01-04,Monday,1,1,2021,True
2021-01-05,Tuesday,1,1,2021,True
2021-01-06,Wednesday,1,1,2021,True
2021-01-07,Thursday,1,1,2021,True
2021-01-08,Friday,1,1,2021,True
2021-01-09,Saturday,1,1,2021,False
2021-01-10,Sunday,1,1,2021,False
2021-01-11,Monday,1,1,2021,True
2021-01-12,Tuesday,1,1,2021,True
2021-01-13,Wednesday,1,1,2021,True
2021-01-14,Thursday,1,1,2021,True
2021-01-15,Friday,1,1,2021,True
2021-01-16,Saturday,1,1,2021,False
2021-01-17,Sunday,1,1,2021,False
2021-01-18,Monday,1,1,2021,True
2021-01-19,Tuesday,1,1,2021,True
2021-01-20,Wednesday,1,1,2021,True
2021-01-21,Thursday,1,1,2021,True
2021-01-22,Friday,1,1,2021,True
2021-01-23,Saturday,1,1,2021,False
2021-01-24,Sunday,1,1,2021,False
2021-01-25,Monday,1,1,2021,True
2021-01-26,Tuesday,1,1,2021,True
2021-01-27,Wednesday,1,1,2021,True
2021-01-28,Thursday,1,1,2021,True
2021-01-29,Friday,1,1,2021,True
2021-01-30,Saturday,1,1,2021,False
2021-01-31,Sunday,1,1,2021,False
2021-02-01,Monday,2,1,2021,True
2021-02-02,Tuesday,2,1,2021,True
2021-02-03,Wednesday,2,1,2021,True
2021-02-04,Thursday,2,1,2021,True
2021-02-05,Friday,2,1,2021,True
2021-02-06,Saturday,2,1,2021,False
2021-02-07,Sunday,2,1,2021,False
2021-02-08,Monday,2,1,2021,True
2021-02-09,Tuesday,2,1,2021,True
2021-02-10,Wednesday,2,1,2021,True
2021-02-11,Thursday,2,1,2021,True
2021-02-12,Friday,2,1,2021,True
2021-02-13,Saturday,2,1,2021,False
2021-02-14,Sunday,2,1,2021,False
2021-02-15,Monday,2,1,2021,True
2021-02-16,Tuesday,2,1,2021,True
2021-02-17,Wednesday,2,1,2021,True
2021-02-18,Thursday,2,1,2021,True
2021-02-19,Friday,2,1,2021,True
2021-02-20,Saturday,2,1,2021,False
2021-02-21,Sunday,2,1,2021,False
2021-02-22,Monday,2,1,2021,True
2021-02-23,Tuesday,2,1,2021,True
2021-02-24,Wednesday,2,1,2021,True
2021-02-25,Thursday,2,1,2021,True
2021-02-26,Friday,2,1,2021,True
2021-02-27,Saturday,2,1,2021,False
2021-02-28,Sunday,2,1,2021,False
2021-03-01,Monday,3,1,2021,True
2021-03-02,Tuesday,3,1,2021,True
2021-03-03,Wednesday,3,1,2021,True
2021-03-04,Thursday,3,1,2021,True
2021-03-05,Friday,3,1,2021,True
2021-03-06,Saturday,3,1,2021,False
2021-03-07,Sunday,3,1,2021,False
2021-03-08,Monday,3,1,2021,True
2021-03-09,Tuesday,3,1,2021,True
2021-03-10,Wednesday,3,1,2021,True
2021-03-11,Thursday,3,1,2021,True
2021-03-12,Friday,3,1,2021,True
2021-03-13,Saturday,3,1,2021,False
2021-03-14,Sunday,3,1,2021,False
2021-03-15,Monday,3,1,2021,True
2021-03-16,Tuesday,3,1,2021,True
2021-03-17,Wednesday,3,1,2021,True
2021-03-18,Thursday,3,1,2021,True
2021-03-19,Friday,3,1,2021,True
2021-03-20,Saturday,3,1,2021,False
2021-03-21,Sunday,3,1,2021,False
2021-03-22,Monday,3,1,2021,True
2021-03-23,Tuesday,3,1,2021,True
2021-03-24,Wednesday,3,1,2021,True
2021-03-25,Thursday,3,1,2021,True
2021-03-26,Friday,3,1,2021,True
2021-03-27,Saturday,3,1,2021,False
2021-03-28,Sunday,3,1,2021,False
2021-03-29,Monday,3,1,2021,True
2021-03-30,Tuesday,3,1,2021,True
2021-03-31,Wednesday,3,1,2021,True
2021-04-01,Thursday,4,2,2021,True
2021-04-02,Friday,4,2,2021,True
2021-04-03,Saturday,4,2,2021,False
2021-04-04,Sunday,4,2,2021,False
2021-04-05,Monday,4,2,2021,True
2021-04-06,Tuesday,4,2,2021,True
2021-04-07,Wednesday,4,2,2021,True
2021-04-08,Thursday,4,2,2021,True
2021-04-09,Friday,4,2,2021,True
2021-04-10,Saturday,4,2,2021,False
2021-04-11,Sunday,4,2,2021,False
2021-04-12,Monday,4,2,2021,True
2021-04-13,Tuesday,4,2,2021,True
2021-04-14,Wednesday,4,2,2021,True
2021-04-15,Thursday,4,2,2021,True
2021-04-16,Friday,4,2,2021,True
2021-04-17,Saturday,4,2,2021,False
2021-04-18,Sunday,4,2,2021,False
2021-04-19,Monday,4,2,2021,True
2021-04-20,Tuesday,4,2,2021,True
2021-04-21,Wednesday,4,2,2021,True
2021-04-22,Thursday,4,2,2021,True
2021-04-23,Friday,4,2,2021,True
2021-04-24,Saturday,4,2,2021,False
2021-04-25,Sunday,4,2,2021,False
2021-04-26,Monday,4,2,2021,True
2021-04-27,Tuesday,4,2,2021,True
2021-04-28,Wednesday,4,2,2021,True
2021-04-29,Thursday,4,2,2021,True
2021-04-30,Friday,4,2,2021,True
2021-05-01,Saturday,5,2,2021,False
2021-05-02,Sunday,5,2,2021,False
2021-05-03,Monday,5,2,2021,True
2021-05-04,Tuesday,5,2,2021,True
2021-05-05,Wednesday,5,2,2021,True
2021-05-06,Thursday,5,2,2021,True
2021-05-07,Friday,5,2,2021,True
2021-05-08,Saturday,5,2,2021,False
2021-05-09,Sunday,5,2,2021,False
2021-05-10,Monday,5,2,2021,True
2021-05-11,Tuesday,5,2,2021,True
2021-05-12,Wednesday,5,2,2021,True
2021-05-13,Thursday,5,2,2021,True
2021-05-14,Friday,5,2,2021,True
2021-05-15,Saturday,5,2,2021,False
2021-05-16,Sunday,5,2,2021,False
2021-05-17,Monday,5,2,2021,True
2021-05-18,Tuesday,5,2,2021,True
2021-05-19,Wednesday,5,2,2021,True
2021-05-20,Thursday,5,2,2021,True
2021-05-21,Friday,5,2,2021,True
2021-05-22,Saturday,5,2,2021,False
2021-05-23,Sunday,5,2,2021,False
2021-05-24,Monday,5,2,2021,True
2021-05-25,Tuesday,5,2,2021,True
2021-05-26,Wednesday,5,2,2021,True
2021-05-27,Thursday,5,2,2021,True
2021-05-28,Friday,5,2,2021,True
2021-05-29,Saturday,5,2,2021,False
2021-05-30,Sunday,5,2,2021,False
2021-05-31,Monday,5,2,2021,True
2021-06-01,Tuesday,6,2,2021,True
2021-06-02,Wednesday,6,2,2021,True
2021-06-03,Thursday,6,2,2021,True
2021-06-04,Friday,6,2,2021,True
2021-06-05,Saturday,6,2,2021,False
2021-06-06,Sunday,6,2,2021,False
2021-06-07,Monday,6,2,2021,True
2021-06-08,Tuesday,6,2,2021,True
2021-06-09,Wednesday,6,2,2021,True
2021-06-10,Thursday,6,2,2021,True
2021-06-11,Friday,6,2,2021,True
2021-06-12,Saturday,6,2,2021,False
2021-06-13,Sunday,6,2,2021,False
2021-06-14,Monday,6,2,2021,True
2021-06-15,Tuesday,6,2,2021,True
2021-06-16,Wednesday,6,2,2021,True
2021-06-17,Thursday,6,2,2021,True
2021-06-18,Friday,6,2,2021,True
2021-06-19,Saturday,6,2,2021,False
2021-06-20,Sunday,6,2,2021,False
2021-06-21,Monday,6,2,2021,True
2021-06-22,Tuesday,6,2,2021,True
2021-06-23,Wednesday,6,2,2021,True
2021-06-24,Thursday,6,2,2021,True
2021-06-25,Friday,6,2,2021,True
2021-06-26,Saturday,6,2,2021,False
2021-06-27,Sunday,6,2,2021,False
2021-06-28,Monday,6,2,2021,True
2021-06-29,Tuesday,6,2,2021,True
2021-06-30,Wednesday,6,2,2021,True
2021-07-01,Thursday,7,3,2021,True
2021-07-02,Friday,7,3,2021,True
2021-07-03,Saturday,7,3,2021,False
2021-07-04,Sunday,7,3,2021,False
2021-07-05,Monday,7,3,2021,True
2021-07-06,Tuesday,7,3,2021,True
2021-07-07,Wednesday,7,3,2021,True
2021-07-08,Thursday,7,3,2021,True
2021-07-09,Friday,7,3,2021,True
2021-07-10,Saturday,7,3,2021,False
2021-07-11,Sunday,7,3,2021,False
2021-07-12,Monday,7,3,2021,True
2021-07-13,Tuesday,7,3,2021,True
2021-07-14,Wednesday,7,3,2021,True
2021-07-15,Thursday,7,3,2021,True
2021-07-16,Friday,7,3,2021,True
2021-07-17,Saturday,7,3,2021,False
2021-07-18,Sunday,7,3,2021,False
2021-07-19,Monday,7,3,2021,True
2021-07-20,Tuesday,7,3,2021,True
2021-07-21,Wednesday,7,3,2021,True
2021-07-22,Thursday,7,3,2021,True
2021-07-23,Friday,7,3,2021,True
2021-07-24,Saturday,7,3,2021,False
2021-07-25,Sunday,7,3,2021,False
2021-07-26,Monday,7,3,2021,True
2021-07-27,Tuesday,7,3,2021,True
2021-07-28,Wednesday,7,3,2021,True
2021-07-29,Thursday,7,3,2021,True
2021-07-30,Friday,7,3,2021,True
2021-07-31,Saturday,7,3,2021,False
2021-08-01,Sunday,8,3,2021,False
2021-08-02,Monday,8,3,2021,True
2021-08-03,Tuesday,8,3,2021,True
2021-08-04,Wednesday,8,3,2021,True
2021-08-05,Thursday,8,3,2021,True
2021-08-06,Friday,8,3,2021,True
2021-08-07,Saturday,8,3,2021,False
2021-08-08,Sunday,8,3,2021,False
2021-08-09,Monday,8,3,2021,True
2021-08-10,Tuesday,8,3,2021,True
2021-08-11,Wednesday,8,3,2021,True
2021-08-12,Thursday,8,3,2021,True
2021-08-13,Friday,8,3,2021,True
2021-08-14,Saturday,8,3,2021,False
2021-08-15,Sunday,8,3,2021,False
2021-08-16,Monday,8,3,2021,True
2021-08-17,Tuesday,8,3,2021,True
2021-08-18,Wednesday,8,3,2021,True
2021-08-19,Thursday,8,3,2021,True
2021-08-20,Friday,8,3,2021,True
2021-08-21,Saturday,8,3,2021,False
2021-08-22,Sunday,8,3,2021,False
2021-08-23,Monday,8,3,2021,True
2021-08-24,Tuesday,8,3,2021,True
2021-08-25,Wednesday,8,3,2021,True
2021-08-26,Thursday,8,3,2021,True
2021-08-27,Friday,8,3,2021,True
2021-08-28,Saturday,8,3,2021,False
2021-08-29,Sunday,8,3,2021,False
2021-08-30,Monday,8,3,2021,True
2021-08-31,Tuesday,8,3,2021,True
2021-09-01,Wednesday,9,3,2021,True
2021-09-02,Thursday,9,3,2021,True
2021-09-03,Friday,9,3,2021,True
2021-09-04,Saturday,9,3,2021,False
2021-09-05,Sunday,9,3,2021,False
2021-09-06,Monday,9,3,2021,True
2021-09-07,Tuesday,9,3,2021,True
2021-09-08,Wednesday,9,3,2021,True
2021-09-09,Thursday,9,3,2021,True
2021-09-10,Friday,9,3,2021,True
2021-09-11,Saturday,9,3,2021,False
2021-09-12,Sunday,9,3,2021,False
2021-09-13,Monday,9,3,2021,True
2021-09-14,Tuesday,9,3,2021,True
2021-09-15,Wednesday,9,3,2021,True
2021-09-16,Thursday,9,3,2021,True
2021-09-17,Friday,9,3,2021,True
2021-09-18,Saturday,9,3,2021,False
2021-09-19,Sunday,9,3,2021,False
2021-09-20,Monday,9,3,2021,True
2021-09-21,Tuesday,9,3,2021,True
2021-09-22,Wednesday,9,3,2021,True
2021-09-23,Thursday,9,3,2021,True
2021-09-24,Friday,9,3,2021,True
2021-09-25,Saturday,9,3,2021,False
2021-09-26,Sunday,9,3,2021,False
2021-09-27,Monday,9,3,2021,True
2021-09-28,Tuesday,9,3,2021,True
2021-09-29,Wednesday,9,3,2021,True
2021-09-30,Thursday,9,3,2021,True
2021-10-01,Friday,10,4,2021,True
2021-10-02,Saturday,10,4,2021,False
2021-10-03,Sunday,10,4,2021,False
2021-10-04,Monday,10,4,2021,True
2021-10-05,Tuesday,10,4,2021,True
2021-10-06,Wednesday,10,4,2021,True
2021-10-07,Thursday,10,4,2021,True
2021-10-08,Friday,10,4,2021,True
2021-10-09,Saturday,10,4,2021,False
2021-10-10,Sunday,10,4,2021,False
2021-10-11,Monday,10,4,2021,True
2021-10-12,Tuesday,10,4,2021,True
2021-10-13,Wednesday,10,4,2021,True
2021-10-14,Thursday,10,4,2021,True
2021-10-15,Friday,10,4,2021,True
2021-10-16,Saturday,10,4,2021,False
2021-10-17,Sunday,10,4,2021,False
2021-10-18,Monday,10,4,2021,True
2021-10-19,Tuesday,10,4,2021,True
2021-10-20,Wednesday,10,4,2021,True
2021-10-21,Thursday,10,4,2021,True
2021-10-22,Friday,10,4,2021,True
2021-10-23,Saturday,10,4,2021,False
2021-10-24,Sunday,10,4,2021,False
2021-10-25,Monday,10,4,2021,True
2021-10-26,Tuesday,10,4,2021,True
2021-10-27,Wednesday,10,4,2021,True
2021-10-28,Thursday,10,4,2021,True
2021-10-29,Friday,10,4,2021,True
2021-10-30,Saturday,10,4,2021,False
2021-10-31,Sunday,10,4,2021,False
2021-11-01,Monday,11,4,2021,True
2021-11-02,Tuesday,11,4,2021,True
2021-11-03,Wednesday,11,4,2021,True
2021-11-04,Thursday,11,4,2021,True
2021-11-05,Friday,11,4,2021,True
2021-11-06,Saturday,11,4,2021,False
2021-11-07,Sunday,11,4,2021,False
2021-11-08,Monday,11,4,2021,True
2021-11-09,Tuesday,11,4,2021,True
2021-11-10,Wednesday,11,4,2021,True
2021-11-11,Thursday,11,4,2021,True
2021-11-12,Friday,11,4,2021,True
2021-11-13,Saturday,11,4,2021,False
2021-11-14,Sunday,11,4,2021,False
2021-11-15,Monday,11,4,2021,True
2021-11-16,Tuesday,11,4,2021,True
2021-11-17,Wednesday,11,4,2021,True
2021-11-18,Thursday,11,4,2021,True
2021-11-19,Friday,11,4,2021,True
2021-11-20,Saturday,11,4,2021,False
2021-11-21,Sunday,11,4,2021,False
2021-11-22,Monday,11,4,2021,True
2021-11-23,Tuesday,11,4,2021,True
2021-11-24,Wednesday,11,4,2021,True
2021-11-25,Thursday,11,4,2021,True
2021-11-26,Friday,11,4,2021,True
2021-11-27,Saturday,11,4,2021,False
2021-11-28,Sunday,11,4,2021,False
2021-11-29,Monday,11,4,2021,True
2021-11-30,Tuesday,11,4,2021,True
2021-12-01,Wednesday,12,4,2021,True
2021-12-02,Thursday,12,4,2021,True
2021-12-03,Friday,12,4,2021,True
2021-12-04,Saturday,12,4,2021,False
2021-12-05,Sunday,12,4,2021,False
2021-12-06,Monday,12,4,2021,True
2021-12-07,Tuesday,12,4,2021,True
2021-12-08,Wednesday,12,4,2021,True
2021-12-09,Thursday,12,4,2021,True
2021-12-10,Friday,12,4,2021,True
2021-12-11,Saturday,12,4,2021,False
2021-12-12,Sunday,12,4,2021,False
2021-12-13,Monday,12,4,2021,True
2021-12-14,Tuesday,12,4,2021,True
2021-12-15,Wednesday,12,4,2021,True
2021-12-16,Thursday,12,4,2021,True
2021-12-17,Friday,12,4,2021,True
2021-12-18,Saturday,12,4,2021,False
2021-12-19,Sunday,12,4,2021,False
2021-12-20,Monday,12,4,2021,True
2021-12-21,Tuesday,12,4,2021,True
2021-12-22,Wednesday,12,4,2021,True
2021-12-23,Thursday,12,4,2021,True
2021-12-24,Friday,12,4,2021,True
2021-12-25,Saturday,12,4,2021,False
2021-12-26,Sunday,12,4,2021,False
2021-12-27,Monday,12,4,2021,True
2021-12-28,Tuesday,12,4,2021,True
2021-12-29,Wednesday,12,4,2021,True
2021-12-30,Thursday,12,4,2021,True
2021-12-31,Friday,12,4,2021,True
2022-01-01,Saturday,1,1,2022,False
2022-01-02,Sunday,1,1,2022,False
2022-01-03,Monday,1,1,2022,True
2022-01-04,Tuesday,1,1,2022,True
2022-01-05,Wednesday,1,1,2022,True
2022-01-06,Thursday,1,1,2022,True
2022-01-07,Friday,1,1,2022,True
2022-01-08,Saturday,1,1,2022,False
2022-01-09,Sunday,1,1,2022,False
2022-01-10,Monday,1,1,2022,True
2022-01-11,Tuesday,1,1,2022,True
2022-01-12,Wednesday,1,1,2022,True
2022-01-13,Thursday,1,1,2022,True
2022-01-14,Friday,1,1,2022,True
2022-01-15,Saturday,1,1,2022,False
2022-01-16,Sunday,1,1,2022,False
2022-01-17,Monday,1,1,2022,True
2022-01-18,Tuesday,1,1,2022,True
2022-01-19,Wednesday,1,1,2022,True
2022-01-20,Thursday,1,1,2022,True
2022-01-21,Friday,1,1,2022,True
2022-01-22,Saturday,1,1,2022,False
2022-01-23,Sunday,1,1,2022,False
2022-01-24,Monday,1,1,2022,True
2022-01-25,Tuesday,1,1,2022,True
2022-01-26,Wednesday,1,1,2022,True
2022-01-27,Thursday,1,1,2022,True
2022-01-28,Friday,1,1,2022,True
2022-01-29,Saturday,1,1,2022,False
2022-01-30,Sunday,1,1,2022,False
2022-01-31,Monday,1,1,2022,True
2022-02-01,Tuesday,2,1,2022,True
2022-02-02,Wednesday,2,1,2022,True
2022-02-03,Thursday,2,1,2022,True
2022-02-04,Friday,2,1,2022,True
2022-02-05,Saturday,2,1,2022,False
2022-02-06,Sunday,2,1,2022,False
2022-02-07,Monday,2,1,2022,True
2022-02-08,Tuesday,2,1,2022,True
2022-02-09,Wednesday,2,1,2022,True
2022-02-10,Thursday,2,1,2022,True
2022-02-11,Friday,2,1,2022,True
2022-02-12,Saturday,2,1,2022,False
2022-02-13,Sunday,2,1,2022,False
2022-02-14,Monday,2,1,2022,True
2022-02-15,Tuesday,2,1,2022,True
2022-02-16,Wednesday,2,1,2022,True
2022-02-17,Thursday,2,1,2022,True
2022-02-18,Friday,2,1,2022,True
2022-02-19,Saturday,2,1,2022,False
2022-02-20,Sunday,2,1,2022,False
2022-02-21,Monday,2,1,2022,True
2022-02-22,Tuesday,2,1,2022,True
2022-02-23,Wednesday,2,1,2022,True
2022-02-24,Thursday,2,1,2022,True
2022-02-25,Friday,2,1,2022,True
2022-02-26,Saturday,2,1,2022,False
2022-02-27,Sunday,2,1,2022,False
2022-02-28,Monday,2,1,2022,True
2022-03-01,Tuesday,3,1,2022,True
2022-03-02,Wednesday,3,1,2022,True
2022-03-03,Thursday,3,1,2022,True
2022-03-04,Friday,3,1,2022,True
2022-03-05,Saturday,3,1,2022,False
2022-03-06,Sunday,3,1,2022,False
2022-03-07,Monday,3,1,2022,True
2022-03-08,Tuesday,3,1,2022,True
2022-03-09,Wednesday,3,1,2022,True
2022-03-10,Thursday,3,1,2022,True
2022-03-11,Friday,3,1,2022,True
2022-03-12,Saturday,3,1,2022,False
2022-03-13,Sunday,3,1,2022,False
2022-03-14,Monday,3,1,2022,True
2022-03-15,Tuesday,3,1,2022,True
2022-03-16,Wednesday,3,1,2022,True
2022-03-17,Thursday,3,1,2022,True
2022-03-18,Friday,3,1,2022,True
2022-03-19,Saturday,3,1,2022,False
2022-03-20,Sunday,3,1,2022,False
2022-03-21,Monday,3,1,2022,True
2022-03-22,Tuesday,3,1,2022,True
2022-03-23,Wednesday,3,1,2022,True
2022-03-24,Thursday,3,1,2022,True
2022-03-25,Friday,3,1,2022,True
2022-03-26,Saturday,3,1,2022,False
2022-03-27,Sunday,3,1,2022,False
2022-03-28,Monday,3,1,2022,True
2022-03-29,Tuesday,3,1,2022,True
2022-03-30,Wednesday,3,1,2022,True
2022-03-31,Thursday,3,1,2022,True
2022-04-01,Friday,4,2,2022,True
2022-04-02,Saturday,4,2,2022,False
2022-04-03,Sunday,4,2,2022,False
2022-04-04,Monday,4,2,2022,True
2022-04-05,Tuesday,4,2,2022,True
2022-04-06,Wednesday,4,2,2022,True
2022-04-07,Thursday,4,2,2022,True
2022-04-08,Friday,4,2,2022,True
2022-04-09,Saturday,4,2,2022,False
2022-04-10,Sunday,4,2,2022,False
2022-04-11,Monday,4,2,2022,True
2022-04-12,Tuesday,4,2,2022,True
2022-04-13,Wednesday,4,2,2022,True
2022-04-14,Thursday,4,2,2022,True
2022-04-15,Friday,4,2,2022,True
2022-04-16,Saturday,4,2,2022,False
2022-04-17,Sunday,4,2,2022,False
2022-04-18,Monday,4,2,2022,True
2022-04-19,Tuesday,4,2,2022,True
2022-04-20,Wednesday,4,2,2022,True
2022-04-21,Thursday,4,2,2022,True
2022-04-22,Friday,4,2,2022,True
2022-04-23,Saturday,4,2,2022,False
2022-04-24,Sunday,4,2,2022,False
2022-04-25,Monday,4,2,2022,True
2022-04-26,Tuesday,4,2,2022,True
2022-04-27,Wednesday,4,2,2022,True
2022-04-28,Thursday,4,2,2022,True
2022-04-29,Friday,4,2,2022,True
2022-04-30,Saturday,4,2,2022,False
2022-05-01,Sunday,5,2,2022,False
2022-05-02,Monday,5,2,2022,True
2022-05-03,Tuesday,5,2,2022,True
2022-05-04,Wednesday,5,2,2022,True
2022-05-05,Thursday,5,2,2022,True
2022-05-06,Friday,5,2,2022,True
2022-05-07,Saturday,5,2,2022,False
2022-05-08,Sunday,5,2,2022,False
2022-05-09,Monday,5,2,2022,True
2022-05-10,Tuesday,5,2,2022,True
2022-05-11,Wednesday,5,2,2022,True
2022-05-12,Thursday,5,2,2022,True
2022-05-13,Friday,5,2,2022,True
2022-05-14,Saturday,5,2,2022,False
2022-05-15,Sunday,5,2,2022,False
2022-05-16,Monday,5,2,2022,True
2022-05-17,Tuesday,5,2,2022,True
2022-05-18,Wednesday,5,2,2022,True
2022-05-19,Thursday,5,2,2022,True
2022-05-20,Friday,5,2,2022,True
2022-05-21,Saturday,5,2,2022,False
2022-05-22,Sunday,5,2,2022,False
2022-05-23,Monday,5,2,2022,True
2022-05-24,Tuesday,5,2,2022,True
2022-05-25,Wednesday,5,2,2022,True
2022-05-26,Thursday,5,2,2022,True
2022-05-27,Friday,5,2,2022,True
2022-05-28,Saturday,5,2,2022,False
2022-05-29,Sunday,5,2,2022,False
2022-05-30,Monday,5,2,2022,True
2022-05-31,Tuesday,5,2,2022,True
2022-06-01,Wednesday,6,2,2022,True
2022-06-02,Thursday,6,2,2022,True
2022-06-03,Friday,6,2,2022,True
2022-06-04,Saturday,6,2,2022,False
2022-06-05,Sunday,6,2,2022,False
2022-06-06,Monday,6,2,2022,True
2022-06-07,Tuesday,6,2,2022,True
2022-06-08,Wednesday,6,2,2022,True
2022-06-09,Thursday,6,2,2022,True
2022-06-10,Friday,6,2,2022,True
2022-06-11,Saturday,6,2,2022,False
2022-06-12,Sunday,6,2,2022,False
2022-06-13,Monday,6,2,2022,True
2022-06-14,Tuesday,6,2,2022,True
2022-06-15,Wednesday,6,2,2022,True
2022-06-16,Thursday,6,2,2022,True
2022-06-17,Friday,6,2,2022,True
2022-06-18,Saturday,6,2,2022,False
2022-06-19,Sunday,6,2,2022,False
2022-06-20,Monday,6,2,2022,True
2022-06-21,Tuesday,6,2,2022,True
2022-06-22,Wednesday,6,2,2022,True
2022-06-23,Thursday,6,2,2022,True
2022-06-24,Friday,6,2,2022,True
2022-06-25,Saturday,6,2,2022,False
2022-06-26,Sunday,6,2,2022,False
2022-06-27,Monday,6,2,2022,True
2022-06-28,Tuesday,6,2,2022,True
2022-06-29,Wednesday,6,2,2022,True
2022-06-30,Thursday,6,2,2022,True
2022-07-01,Friday,7,3,2022,True
2022-07-02,Saturday,7,3,2022,False
2022-07-03,Sunday,7,3,2022,False
2022-07-04,Monday,7,3,2022,True
2022-07-05,Tuesday,7,3,2022,True
2022-07-06,Wednesday,7,3,2022,True
2022-07-07,Thursday,7,3,2022,True
2022-07-08,Friday,7,3,2022,True
2022-07-09,Saturday,7,3,2022,False
2022-07-10,Sunday,7,3,2022,False
2022-07-11,Monday,7,3,2022,True
2022-07-12,Tuesday,7,3,2022,True
2022-07-13,Wednesday,7,3,2022,True
2022-07-14,Thursday,7,3,2022,True
2022-07-15,Friday,7,3,2022,True
2022-07-16,Saturday,7,3,2022,False
2022-07-17,Sunday,7,3,2022,False
2022-07-18,Monday,7,3,2022,True
2022-07-19,Tuesday,7,3,2022,True
2022-07-20,Wednesday,7,3,2022,True
2022-07-21,Thursday,7,3,2022,True
2022-07-22,Friday,7,3,2022,True
2022-07-23,Saturday,7,3,2022,False
2022-07-24,Sunday,7,3,2022,False
2022-07-25,Monday,7,3,2022,True
2022-07-26,Tuesday,7,3,2022,True
2022-07-27,Wednesday,7,3,2022,True
2022-07-28,Thursday,7,3,2022,True
2022-07-29,Friday,7,3,2022,True
2022-07-30,Saturday,7,3,2022,False
2022-07-31,Sunday,7,3,2022,False
2022-08-01,Monday,8,3,2022,True
2022-08-02,Tuesday,8,3,2022,True
2022-08-03,Wednesday,8,3,2022,True
2022-08-04,Thursday,8,3,2022,True
2022-08-05,Friday,8,3,2022,True
2022-08-06,Saturday,8,3,2022,False
2022-08-07,Sunday,8,3,2022,False
2022-08-08,Monday,8,3,2022,True
2022-08-09,Tuesday,8,3,2022,True
2022-08-10,Wednesday,8,3,2022,True
2022-08-11,Thursday,8,3,2022,True
2022-08-12,Friday,8,3,2022,True
2022-08-13,Saturday,8,3,2022,False
2022-08-14,Sunday,8,3,2022,False
2022-08-15,Monday,8,3,2022,True
2022-08-16,Tuesday,8,3,2022,True
2022-08-17,Wednesday,8,3,2022,True
2022-08-18,Thursday,8,3,2022,True
2022-08-19,Friday,8,3,2022,True
2022-08-20,Saturday,8,3,2022,False
2022-08-21,Sunday,8,3,2022,False
2022-08-22,Monday,8,3,2022,True
2022-08-23,Tuesday,8,3,2022,True
2022-08-24,Wednesday,8,3,2022,True
2022-08-25,Thursday,8,3,2022,True
2022-08-26,Friday,8,3,2022,True
2022-08-27,Saturday,8,3,2022,False
2022-08-28,Sunday,8,3,2022,False
2022-08-29,Monday,8,3,2022,True
2022-08-30,Tuesday,8,3,2022,True
2022-08-31,Wednesday,8,3,2022,True
2022-09-01,Thursday,9,3,2022,True
2022-09-02,Friday,9,3,2022,True
2022-09-03,Saturday,9,3,2022,False
2022-09-04,Sunday,9,3,2022,False
2022-09-05,Monday,9,3,2022,True
2022-09-06,Tuesday,9,3,2022,True
2022-09-07,Wednesday,9,3,2022,True
2022-09-08,Thursday,9,3,2022,True
2022-09-09,Friday,9,3,2022,True
2022-09-10,Saturday,9,3,2022,False
2022-09-11,Sunday,9,3,2022,False
2022-09-12,Monday,9,3,2022,True
2022-09-13,Tuesday,9,3,2022,True
2022-09-14,Wednesday,9,3,2022,True
2022-09-15,Thursday,9,3,2022,True
2022-09-16,Friday,9,3,2022,True
2022-09-17,Saturday,9,3,2022,False
2022-09-18,Sunday,9,3,2022,False
2022-09-19,Monday,9,3,2022,True
2022-09-20,Tuesday,9,3,2022,True
2022-09-21,Wednesday,9,3,2022,True
2022-09-22,Thursday,9,3,2022,True
2022-09-23,Friday,9,3,2022,True
2022-09-24,Saturday,9,3,2022,False
2022-09-25,Sunday,9,3,2022,False
2022-09-26,Monday,9,3,2022,True
2022-09-27,Tuesday,9,3,2022,True
2022-09-28,Wednesday,9,3,2022,True
2022-09-29,Thursday,9,3,2022,True
2022-09-30,Friday,9,3,2022,True
2022-10-01,Saturday,10,4,2022,False
2022-10-02,Sunday,10,4,2022,False
2022-10-03,Monday,10,4,2022,True
2022-10-04,Tuesday,10,4,2022,True
2022-10-05,Wednesday,10,4,2022,True
2022-10-06,Thursday,10,4,2022,True
2022-10-07,Friday,10,4,2022,True
2022-10-08,Saturday,10,4,2022,False
2022-10-09,Sunday,10,4,2022,False
2022-10-10,Monday,10,4,2022,True
2022-10-11,Tuesday,10,4,2022,True
2022-10-12,Wednesday,10,4,2022,True
2022-10-13,Thursday,10,4,2022,True
2022-10-14,Friday,10,4,2022,True
2022-10-15,Saturday,10,4,2022,False
2022-10-16,Sunday,10,4,2022,False
2022-10-17,Monday,10,4,2022,True
2022-10-18,Tuesday,10,4,2022,True
2022-10-19,Wednesday,10,4,2022,True
2022-10-20,Thursday,10,4,2022,True
2022-10-21,Friday,10,4,2022,True
2022-10-22,Saturday,10,4,2022,False
2022-10-23,Sunday,10,4,2022,False
2022-10-24,Monday,10,4,2022,True
2022-10-25,Tuesday,10,4,2022,True
2022-10-26,Wednesday,10,4,2022,True
2022-10-27,Thursday,10,4,2022,True
2022-10-28,Friday,10,4,2022,True
2022-10-29,Saturday,10,4,2022,False
2022-10-30,Sunday,10,4,2022,False
2022-10-31,Monday,10,4,2022,True
2022-11-01,Tuesday,11,4,2022,True
2022-11-02,Wednesday,11,4,2022,True
2022-11-03,Thursday,11,4,2022,True
2022-11-04,Friday,11,4,2022,True
2022-11-05,Saturday,11,4,2022,False
2022-11-06,Sunday,11,4,2022,False
2022-11-07,Monday,11,4,2022,True
2022-11-08,Tuesday,11,4,2022,True
2022-11-09,Wednesday,11,4,2022,True
2022-11-10,Thursday,11,4,2022,True
2022-11-11,Friday,11,4,2022,True
2022-11-12,Saturday,11,4,2022,False
2022-11-13,Sunday,11,4,2022,False
2022-11-14,Monday,11,4,2022,True
2022-11-15,Tuesday,11,4,2022,True
2022-11-16,Wednesday,11,4,2022,True
2022-11-17,Thursday,11,4,2022,True
2022-11-18,Friday,11,4,2022,True
2022-11-19,Saturday,11,4,2022,False
2022-11-20,Sunday,11,4,2022,False
2022-11-21,Monday,11,4,2022,True
2022-11-22,Tuesday,11,4,2022,True
2022-11-23,Wednesday,11,4,2022,True
2022-11-24,Thursday,11,4,2022,True
2022-11-25,Friday,11,4,2022,True
2022-11-26,Saturday,11,4,2022,False
2022-11-27,Sunday,11,4,2022,False
2022-11-28,Monday,11,4,2022,True
2022-11-29,Tuesday,11,4,2022,True
2022-11-30,Wednesday,11,4,2022,True
2022-12-01,Thursday,12,4,2022,True
2022-12-02,Friday,12,4,2022,True
2022-12-03,Saturday,12,4,2022,False
2022-12-04,Sunday,12,4,2022,False
2022-12-05,Monday,12,4,2022,True
2022-12-06,Tuesday,12,4,2022,True
2022-12-07,Wednesday,12,4,2022,True
2022-12-08,Thursday,12,4,2022,True
2022-12-09,Friday,12,4,2022,True
2022-12-10,Saturday,12,4,2022,False
2022-12-11,Sunday,12,4,2022,False
2022-12-12,Monday,12,4,2022,True
2022-12-13,Tuesday,12,4,2022,True
2022-12-14,Wednesday,12,4,2022,True
2022-12-15,Thursday,12,4,2022,True
2022-12-16,Friday,12,4,2022,True
2022-12-17,Saturday,12,4,2022,False
2022-12-18,Sunday,12,4,2022,False
2022-12-19,Monday,12,4,2022,True
2022-12-20,Tuesday,12,4,2022,True
2022-12-21,Wednesday,12,4,2022,True
2022-12-22,Thursday,12,4,2022,True
2022-12-23,Friday,12,4,2022,True
2022-12-24,Saturday,12,4,2022,False
2022-12-25,Sunday,12,4,2022,False
2022-12-26,Monday,12,4,2022,True
2022-12-27,Tuesday,12,4,2022,True
2022-12-28,Wednesday,12,4,2022,True
2022-12-29,Thursday,12,4,2022,True
2022-12-30,Friday,12,4,2022,True
2022-12-31,Saturday,12,4,2022,False
2023-01-01,Sunday,1,1,2023,False
2023-01-02,Monday,1,1,2023,True
2023-01-03,Tuesday,1,1,2023,True
2023-01-04,Wednesday,1,1,2023,True
2023-01-05,Thursday,1,1,2023,True
2023-01-06,Friday,1,1,2023,True
2023-01-07,Saturday,1,1,2023,False
2023-01-08,Sunday,1,1,2023,False
2023-01-09,Monday,1,1,2023,True
2023-01-10,Tuesday,1,1,2023,True
2023-01-11,Wednesday,1,1,2023,True
2023-01-12,Thursday,1,1,2023,True
2023-01-13,Friday,1,1,2023,True
2023-01-14,Saturday,1,1,2023,False
2023-01-15,Sunday,1,1,2023,False
2023-01-16,Monday,1,1,2023,True
2023-01-17,Tuesday,1,1,2023,True
2023-01-18,Wednesday,1,1,2023,True
2023-01-19,Thursday,1,1,2023,True
2023-01-20,Friday,1,1,2023,True
2023-01-21,Saturday,1,1,2023,False
2023-01-22,Sunday,1,1,2023,False
2023-01-23,Monday,1,1,2023,True
2023-01-24,Tuesday,1,1,2023,True
2023-01-25,Wednesday,1,1,2023,True
2023-01-26,Thursday,1,1,2023,True
2023-01-27,Friday,1,1,2023,True
2023-01-28,Saturday,1,1,2023,False
2023-01-29,Sunday,1,1,2023,False
2023-01-30,Monday,1,1,2023,True
2023-01-31,Tuesday,1,1,2023,True
2023-02-01,Wednesday,2,1,2023,True
2023-02-02,Thursday,2,1,2023,True
2023-02-03,Friday,2,1,2023,True
2023-02-04,Saturday,2,1,2023,False
2023-02-05,Sunday,2,1,2023,False
2023-02-06,Monday,2,1,2023,True
2023-02-07,Tuesday,2,1,2023,True
2023-02-08,Wednesday,2,1,2023,True
2023-02-09,Thursday,2,1,2023,True
2023-02-10,Friday,2,1,2023,True
2023-02-11,Saturday,2,1,2023,False
2023-02-12,Sunday,2,1,2023,False
2023-02-13,Monday,2,1,2023,True
2023-02-14,Tuesday,2,1,2023,True
2023-02-15,Wednesday,2,1,2023,True
2023-02-16,Thursday,2,1,2023,True
2023-02-17,Friday,2,1,2023,True
2023-02-18,Saturday,2,1,2023,False
2023-02-19,Sunday,2,1,2023,False
2023-02-20,Monday,2,1,2023,True
2023-02-21,Tuesday,2,1,2023,True
2023-02-22,Wednesday,2,1,2023,True
2023-02-23,Thursday,2,1,2023,True
2023-02-24,Friday,2,1,2023,True
2023-02-25,Saturday,2,1,2023,False
2023-02-26,Sunday,2,1,2023,False
2023-02-27,Monday,2,1,2023,True
2023-02-28,Tuesday,2,1,2023,True
2023-03-01,Wednesday,3,1,2023,True
2023-03-02,Thursday,3,1,2023,True
2023-03-03,Friday,3,1,2023,True
2023-03-04,Saturday,3,1,2023,False
2023-03-05,Sunday,3,1,2023,False
2023-03-06,Monday,3,1,2023,True
2023-03-07,Tuesday,3,1,2023,True
2023-03-08,Wednesday,3,1,2023,True
2023-03-09,Thursday,3,1,2023,True
2023-03-10,Friday,3,1,2023,True
2023-03-11,Saturday,3,1,2023,False
2023-03-12,Sunday,3,1,2023,False
2023-03-13,Monday,3,1,2023,True
2023-03-14,Tuesday,3,1,2023,True
2023-03-15,Wednesday,3,1,2023,True
2023-03-16,Thursday,3,1,2023,True
2023-03-17,Friday,3,1,2023,True
2023-03-18,Saturday,3,1,2023,False
2023-03-19,Sunday,3,1,2023,False
2023-03-20,Monday,3,1,2023,True
2023-03-21,Tuesday,3,1,2023,True
2023-03-22,Wednesday,3,1,2023,True
2023-03-23,Thursday,3,1,2023,True
2023-03-24,Friday,3,1,2023,True
2023-03-25,Saturday,3,1,2023,False
2023-03-26,Sunday,3,1,2023,False
2023-03-27,Monday,3,1,2023,True
2023-03-28,Tuesday,3,1,2023,True
2023-03-29,Wednesday,3,1,2023,True
2023-03-30,Thursday,3,1,2023,True
2023-03-31,Friday,3,1,2023,True
2023-04-01,Saturday,4,2,2023,False
2023-04-02,Sunday,4,2,2023,False
2023-04-03,Monday,4,2,2023,True
2023-04-04,Tuesday,4,2,2023,True
2023-04-05,Wednesday,4,2,2023,True
2023-04-06,Thursday,4,2,2023,True
2023-04-07,Friday,4,2,2023,True
2023-04-08,Saturday,4,2,2023,False
2023-04-09,Sunday,4,2,2023,False
2023-04-10,Monday,4,2,2023,True
2023-04-11,Tuesday,4,2,2023,True
2023-04-12,Wednesday,4,2,2023,True
2023-04-13,Thursday,4,2,2023,True
2023-04-14,Friday,4,2,2023,True
2023-04-15,Saturday,4,2,2023,False
2023-04-16,Sunday,4,2,2023,False
2023-04-17,Monday,4,2,2023,True
2023-04-18,Tuesday,4,2,2023,True
2023-04-19,Wednesday,4,2,2023,True
2023-04-20,Thursday,4,2,2023,True
2023-04-21,Friday,4,2,2023,True
2023-04-22,Saturday,4,2,2023,False
2023-04-23,Sunday,4,2,2023,False
2023-04-24,Monday,4,2,2023,True
2023-04-25,Tuesday,4,2,2023,True
2023-04-26,Wednesday,4,2,2023,True
2023-04-27,Thursday,4,2,2023,True
2023-04-28,Friday,4,2,2023,True
2023-04-29,Saturday,4,2,2023,False
2023-04-30,Sunday,4,2,2023,False
2023-05-01,Monday,5,2,2023,True
2023-05-02,Tuesday,5,2,2023,True
2023-05-03,Wednesday,5,2,2023,True
2023-05-04,Thursday,5,2,2023,True
2023-05-05,Friday,5,2,2023,True
2023-05-06,Saturday,5,2,2023,False
2023-05-07,Sunday,5,2,2023,False
2023-05-08,Monday,5,2,2023,True
2023-05-09,Tuesday,5,2,2023,True
2023-05-10,Wednesday,5,2,2023,True
2023-05-11,Thursday,5,2,2023,True
2023-05-12,Friday,5,2,2023,True
2023-05-13,Saturday,5,2,2023,False
2023-05-14,Sunday,5,2,2023,False
2023-05-15,Monday,5,2,2023,True
2023-05-16,Tuesday,5,2,2023,True
2023-05-17,Wednesday,5,2,2023,True
2023-05-18,Thursday,5,2,2023,True
2023-05-19,Friday,5,2,2023,True
2023-05-20,Saturday,5,2,2023,False
2023-05-21,Sunday,5,2,2023,False
2023-05-22,Monday,5,2,2023,True
2023-05-23,Tuesday,5,2,2023,True
2023-05-24,Wednesday,5,2,2023,True
2023-05-25,Thursday,5,2,2023,True
2023-05-26,Friday,5,2,2023,True
2023-05-27,Saturday,5,2,2023,False
2023-05-28,Sunday,5,2,2023,False
2023-05-29,Monday,5,2,2023,True
2023-05-30,Tuesday,5,2,2023,True
2023-05-31,Wednesday,5,2,2023,True
2023-06-01,Thursday,6,2,2023,True
2023-06-02,Friday,6,2,2023,True
2023-06-03,Saturday,6,2,2023,False
2023-06-04,Sunday,6,2,2023,False
2023-06-05,Monday,6,2,2023,True
2023-06-06,Tuesday,6,2,2023,True
2023-06-07,Wednesday,6,2,2023,True
2023-06-08,Thursday,6,2,2023,True
2023-06-09,Friday,6,2,2023,True
2023-06-10,Saturday,6,2,2023,False
2023-06-11,Sunday,6,2,2023,False
2023-06-12,Monday,6,2,2023,True
2023-06-13,Tuesday,6,2,2023,True
2023-06-14,Wednesday,6,2,2023,True
2023-06-15,Thursday,6,2,2023,True
2023-06-16,Friday,6,2,2023,True
2023-06-17,Saturday,6,2,2023,False
2023-06-18,Sunday,6,2,2023,False
2023-06-19,Monday,6,2,2023,True
2023-06-20,Tuesday,6,2,2023,True
2023-06-21,Wednesday,6,2,2023,True
2023-06-22,Thursday,6,2,2023,True
2023-06-23,Friday,6,2,2023,True
2023-06-24,Saturday,6,2,2023,False
2023-06-25,Sunday,6,2,2023,False
2023-06-26,Monday,6,2,2023,True
2023-06-27,Tuesday,6,2,2023,True
2023-06-28,Wednesday,6,2,2023,True
2023-06-29,Thursday,6,2,2023,True
2023-06-30,Friday,6,2,2023,True
2023-07-01,Saturday,7,3,2023,False
2023-07-02,Sunday,7,3,2023,False
2023-07-03,Monday,7,3,2023,True
2023-07-04,Tuesday,7,3,2023,True
2023-07-05,Wednesday,7,3,2023,True
2023-07-06,Thursday,7,3,2023,True
2023-07-07,Friday,7,3,2023,True
2023-07-08,Saturday,7,3,2023,False
2023-07-09,Sunday,7,3,2023,False
2023-07-10,Monday,7,3,2023,True
2023-07-11,Tuesday,7,3,2023,True
2023-07-12,Wednesday,7,3,2023,True
2023-07-13,Thursday,7,3,2023,True
2023-07-14,Friday,7,3,2023,True
2023-07-15,Saturday,7,3,2023,False
2023-07-16,Sunday,7,3,2023,False
2023-07-17,Monday,7,3,2023,True
2023-07-18,Tuesday,7,3,2023,True
2023-07-19,Wednesday,7,3,2023,True
2023-07-20,Thursday,7,3,2023,True
2023-07-21,Friday,7,3,2023,True
2023-07-22,Saturday,7,3,2023,False
2023-07-23,Sunday,7,3,2023,False
2023-07-24,Monday,7,3,2023,True
2023-07-25,Tuesday,7,3,2023,True
2023-07-26,Wednesday,7,3,2023,True
2023-07-27,Thursday,7,3,2023,True
2023-07-28,Friday,7,3,2023,True
2023-07-29,Saturday,7,3,2023,False
2023-07-30,Sunday,7,3,2023,False
2023-07-31,Monday,7,3,2023,True
2023-08-01,Tuesday,8,3,2023,True
2023-08-02,Wednesday,8,3,2023,True
2023-08-03,Thursday,8,3,2023,True
2023-08-04,Friday,8,3,2023,True
2023-08-05,Saturday,8,3,2023,False
2023-08-06,Sunday,8,3,2023,False
2023-08-07,Monday,8,3,2023,True
2023-08-08,Tuesday,8,3,2023,True
2023-08-09,Wednesday,8,3,2023,True
2023-08-10,Thursday,8,3,2023,True
2023-08-11,Friday,8,3,2023,True
2023-08-12,Saturday,8,3,2023,False
2023-08-13,Sunday,8,3,2023,False
2023-08-14,Monday,8,3,2023,True
2023-08-15,Tuesday,8,3,2023,True
2023-08-16,Wednesday,8,3,2023,True
2023-08-17,Thursday,8,3,2023,True
2023-08-18,Friday,8,3,2023,True
2023-08-19,Saturday,8,3,2023,False
2023-08-20,Sunday,8,3,2023,False
2023-08-21,Monday,8,3,2023,True
2023-08-22,Tuesday,8,3,2023,True
2023-08-23,Wednesday,8,3,2023,True
2023-08-24,Thursday,8,3,2023,True
2023-08-25,Friday,8,3,2023,True
2023-08-26,Saturday,8,3,2023,False
2023-08-27,Sunday,8,3,2023,False
2023-08-28,Monday,8,3,2023,True
2023-08-29,Tuesday,8,3,2023,True
2023-08-30,Wednesday,8,3,2023,True
2023-08-31,Thursday,8,3,2023,True
2023-09-01,Friday,9,3,2023,True
2023-09-02,Saturday,9,3,2023,False
2023-09-03,Sunday,9,3,2023,False
2023-09-04,Monday,9,3,2023,True
2023-09-05,Tuesday,9,3,2023,True
2023-09-06,Wednesday,9,3,2023,True
2023-09-07,Thursday,9,3,2023,True
2023-09-08,Friday,9,3,2023,True
2023-09-09,Saturday,9,3,2023,False
2023-09-10,Sunday,9,3,2023,False
2023-09-11,Monday,9,3,2023,True
2023-09-12,Tuesday,9,3,2023,True
2023-09-13,Wednesday,9,3,2023,True
2023-09-14,Thursday,9,3,2023,True
2023-09-15,Friday,9,3,2023,True
2023-09-16,Saturday,9,3,2023,False
2023-09-17,Sunday,9,3,2023,False
2023-09-18,Monday,9,3,2023,True
2023-09-19,Tuesday,9,3,2023,True
2023-09-20,Wednesday,9,3,2023,True
2023-09-21,Thursday,9,3,2023,True
2023-09-22,Friday,9,3,2023,True
2023-09-23,Saturday,9,3,2023,False
2023-09-24,Sunday,9,3,2023,False
2023-09-25,Monday,9,3,2023,True
2023-09-26,Tuesday,9,3,2023,True
2023-09-27,Wednesday,9,3,2023,True
2023-09-28,Thursday,9,3,2023,True
2023-09-29,Friday,9,3,2023,True
2023-09-30,Saturday,9,3,2023,False
2023-10-01,Sunday,10,4,2023,False
2023-10-02,Monday,10,4,2023,True
2023-10-03,Tuesday,10,4,2023,True
2023-10-04,Wednesday,10,4,2023,True
2023-10-05,Thursday,10,4,2023,True
2023-10-06,Friday,10,4,2023,True
2023-10-07,Saturday,10,4,2023,False
2023-10-08,Sunday,10,4,2023,False
2023-10-09,Monday,10,4,2023,True
2023-10-10,Tuesday,10,4,2023,True
2023-10-11,Wednesday,10,4,2023,True
2023-10-12,Thursday,10,4,2023,True
2023-10-13,Friday,10,4,2023,True
2023-10-14,Saturday,10,4,2023,False
2023-10-15,Sunday,10,4,2023,False
2023-10-16,Monday,10,4,2023,True
2023-10-17,Tuesday,10,4,2023,True
2023-10-18,Wednesday,10,4,2023,True
2023-10-19,Thursday,10,4,2023,True
2023-10-20,Friday,10,4,2023,True
2023-10-21,Saturday,10,4,2023,False
2023-10-22,Sunday,10,4,2023,False
2023-10-23,Monday,10,4,2023,True
2023-10-24,Tuesday,10,4,2023,True
2023-10-25,Wednesday,10,4,2023,True
2023-10-26,Thursday,10,4,2023,True
2023-10-27,Friday,10,4,2023,True
2023-10-28,Saturday,10,4,2023,False
2023-10-29,Sunday,10,4,2023,False
2023-10-30,Monday,10,4,2023,True
2023-10-31,Tuesday,10,4,2023,True
2023-11-01,Wednesday,11,4,2023,True
2023-11-02,Thursday,11,4,2023,True
2023-11-03,Friday,11,4,2023,True
2023-11-04,Saturday,11,4,2023,False
2023-11-05,Sunday,11,4,2023,False
2023-11-06,Monday,11,4,2023,True
2023-11-07,Tuesday,11,4,2023,True
2023-11-08,Wednesday,11,4,2023,True
2023-11-09,Thursday,11,4,2023,True
2023-11-10,Friday,11,4,2023,True
2023-11-11,Saturday,11,4,2023,False
2023-11-12,Sunday,11,4,2023,False
2023-11-13,Monday,11,4,2023,True
2023-11-14,Tuesday,11,4,2023,True
2023-11-15,Wednesday,11,4,2023,True
2023-11-16,Thursday,11,4,2023,True
2023-11-17,Friday,11,4,2023,True
2023-11-18,Saturday,11,4,2023,False
2023-11-19,Sunday,11,4,2023,False
2023-11-20,Monday,11,4,2023,True
2023-11-21,Tuesday,11,4,2023,True
2023-11-22,Wednesday,11,4,2023,True
2023-11-23,Thursday,11,4,2023,True
2023-11-24,Friday,11,4,2023,True
2023-11-25,Saturday,11,4,2023,False
2023-11-26,Sunday,11,4,2023,False
2023-11-27,Monday,11,4,2023,True
2023-11-28,Tuesday,11,4,2023,True
2023-11-29,Wednesday,11,4,2023,True
2023-11-30,Thursday,11,4,2023,True
2023-12-01,Friday,12,4,2023,True
2023-12-02,Saturday,12,4,2023,False
2023-12-03,Sunday,12,4,2023,False
2023-12-04,Monday,12,4,2023,True
2023-12-05,Tuesday,12,4,2023,True
2023-12-06,Wednesday,12,4,2023,True
2023-12-07,Thursday,12,4,2023,True
2023-12-08,Friday,12,4,2023,True
2023-12-09,Saturday,12,4,2023,False
2023-12-10,Sunday,12,4,2023,False
2023-12-11,Monday,12,4,2023,True
2023-12-12,Tuesday,12,4,2023,True
2023-12-13,Wednesday,12,4,2023,True
2023-12-14,Thursday,12,4,2023,True
2023-12-15,Friday,12,4,2023,True
2023-12-16,Saturday,12,4,2023,False
2023-12-17,Sunday,12,4,2023,False
2023-12-18,Monday,12,4,2023,True
2023-12-19,Tuesday,12,4,2023,True
2023-12-20,Wednesday,12,4,2023,True
2023-12-21,Thursday,12,4,2023,True
2023-12-22,Friday,12,4,2023,True
2023-12-23,Saturday,12,4,2023,False
2023-12-24,Sunday,12,4,2023,False
2023-12-25,Monday,12,4,2023,True
2023-12-26,Tuesday,12,4,2023,True
2023-12-27,Wednesday,12,4,2023,True
2023-12-28,Thursday,12,4,2023,True
2023-12-29,Friday,12,4,2023,True
2023-12-30,Saturday,12,4,2023,False
2023-12-31,Sunday,12,4,2023,False
2024-01-01,Monday,1,1,2024,True
2024-01-02,Tuesday,1,1,2024,True
2024-01-03,Wednesday,1,1,2024,True
2024-01-04,Thursday,1,1,2024,True
2024-01-05,Friday,1,1,2024,True
2024-01-06,Saturday,1,1,2024,False
2024-01-07,Sunday,1,1,2024,False
2024-01-08,Monday,1,1,2024,True
2024-01-09,Tuesday,1,1,2024,True
2024-01-10,Wednesday,1,1,2024,True
2024-01-11,Thursday,1,1,2024,True
2024-01-12,Friday,1,1,2024,True
2024-01-13,Saturday,1,1,2024,False
2024-01-14,Sunday,1,1,2024,False
2024-01-15,Monday,1,1,2024,True
2024-01-16,Tuesday,1,1,2024,True
2024-01-17,Wednesday,1,1,2024,True
2024-01-18,Thursday,1,1,2024,True
2024-01-19,Friday,1,1,2024,True
2024-01-20,Saturday,1,1,2024,False
2024-01-21,Sunday,1,1,2024,False
2024-01-22,Monday,1,1,2024,True
2024-01-23,Tuesday,1,1,2024,True
2024-01-24,Wednesday,1,1,2024,True
2024-01-25,Thursday,1,1,2024,True
2024-01-26,Friday,1,1,2024,True
2024-01-27,Saturday,1,1,2024,False
2024-01-28,Sunday,1,1,2024,False
2024-01-29,Monday,1,1,2024,True
2024-01-30,Tuesday,1,1,2024,True
2024-01-31,Wednesday,1,1,2024,True
2024-02-01,Thursday,2,1,2024,True
2024-02-02,Friday,2,1,2024,True
2024-02-03,Saturday,2,1,2024,False
2024-02-04,Sunday,2,1,2024,False
2024-02-05,Monday,2,1,2024,True
2024-02-06,Tuesday,2,1,2024,True
2024-02-07,Wednesday,2,1,2024,True
2024-02-08,Thursday,2,1,2024,True
2024-02-09,Friday,2,1,2024,True
2024-02-10,Saturday,2,1,2024,False
2024-02-11,Sunday,2,1,2024,False
2024-02-12,Monday,2,1,2024,True
2024-02-13,Tuesday,2,1,2024,True
2024-02-14,Wednesday,2,1,2024,True
2024-02-15,Thursday,2,1,2024,True
2024-02-16,Friday,2,1,2024,True
2024-02-17,Saturday,2,1,2024,False
2024-02-18,Sunday,2,1,2024,False
2024-02-19,Monday,2,1,2024,True
2024-02-20,Tuesday,2,1,2024,True
2024-02-21,Wednesday,2,1,2024,True
2024-02-22,Thursday,2,1,2024,True
2024-02-23,Friday,2,1,2024,True
2024-02-24,Saturday,2,1,2024,False
2024-02-25,Sunday,2,1,2024,False
2024-02-26,Monday,2,1,2024,True
2024-02-27,Tuesday,2,1,2024,True
2024-02-28,Wednesday,2,1,2024,True
2024-02-29,Thursday,2,1,2024,True
2024-03-01,Friday,3,1,2024,True
2024-03-02,Saturday,3,1,2024,False
2024-03-03,Sunday,3,1,2024,False
2024-03-04,Monday,3,1,2024,True
2024-03-05,Tuesday,3,1,2024,True
2024-03-06,Wednesday,3,1,2024,True
2024-03-07,Thursday,3,1,2024,True
2024-03-08,Friday,3,1,2024,True
2024-03-09,Saturday,3,1,2024,False
2024-03-10,Sunday,3,1,2024,False
2024-03-11,Monday,3,1,2024,True
2024-03-12,Tuesday,3,1,2024,True
2024-03-13,Wednesday,3,1,2024,True
2024-03-14,Thursday,3,1,2024,True
2024-03-15,Friday,3,1,2024,True
2024-03-16,Saturday,3,1,2024,False
2024-03-17,Sunday,3,1,2024,False
2024-03-18,Monday,3,1,2024,True
2024-03-19,Tuesday,3,1,2024,True
2024-03-20,Wednesday,3,1,2024,True
2024-03-21,Thursday,3,1,2024,True
2024-03-22,Friday,3,1,2024,True
2024-03-23,Saturday,3,1,2024,False
2024-03-24,Sunday,3,1,2024,False
2024-03-25,Monday,3,1,2024,True
2024-03-26,Tuesday,3,1,2024,True
2024-03-27,Wednesday,3,1,2024,True
2024-03-28,Thursday,3,1,2024,True
2024-03-29,Friday,3,1,2024,True
2024-03-30,Saturday,3,1,2024,False
2024-03-31,Sunday,3,1,2024,False
2024-04-01,Monday,4,2,2024,True
2024-04-02,Tuesday,4,2,2024,True
2024-04-03,Wednesday,4,2,2024,True
2024-04-04,Thursday,4,2,2024,True
2024-04-05,Friday,4,2,2024,True
2024-04-06,Saturday,4,2,2024,False
2024-04-07,Sunday,4,2,2024,False
2024-04-08,Monday,4,2,2024,True
2024-04-09,Tuesday,4,2,2024,True
2024-04-10,Wednesday,4,2,2024,True
2024-04-11,Thursday,4,2,2024,True
2024-04-12,Friday,4,2,2024,True
2024-04-13,Saturday,4,2,2024,False
2024-04-14,Sunday,4,2,2024,False
2024-04-15,Monday,4,2,2024,True
2024-04-16,Tuesday,4,2,2024,True
2024-04-17,Wednesday,4,2,2024,True
2024-04-18,Thursday,4,2,2024,True
2024-04-19,Friday,4,2,2024,True
2024-04-20,Saturday,4,2,2024,False
2024-04-21,Sunday,4,2,2024,False
2024-04-22,Monday,4,2,2024,True
2024-04-23,Tuesday,4,2,2024,True
2024-04-24,Wednesday,4,2,2024,True
2024-04-25,Thursday,4,2,2024,True
2024-04-26,Friday,4,2,2024,True
2024-04-27,Saturday,4,2,2024,False
2024-04-28,Sunday,4,2,2024,False
2024-04-29,Monday,4,2,2024,True
2024-04-30,Tuesday,4,2,2024,True
2024-05-01,Wednesday,5,2,2024,True
2024-05-02,Thursday,5,2,2024,True
2024-05-03,Friday,5,2,2024,True
2024-05-04,Saturday,5,2,2024,False
2024-05-05,Sunday,5,2,2024,False
2024-05-06,Monday,5,2,2024,True
2024-05-07,Tuesday,5,2,2024,True
2024-05-08,Wednesday,5,2,2024,True
2024-05-09,Thursday,5,2,2024,True
2024-05-10,Friday,5,2,2024,True
2024-05-11,Saturday,5,2,2024,False
2024-05-12,Sunday,5,2,2024,False
2024-05-13,Monday,5,2,2024,True
2024-05-14,Tuesday,5,2,2024,True
2024-05-15,Wednesday,5,2,2024,True
2024-05-16,Thursday,5,2,2024,True
2024-05-17,Friday,5,2,2024,True
2024-05-18,Saturday,5,2,2024,False
2024-05-19,Sunday,5,2,2024,False
2024-05-20,Monday,5,2,2024,True
2024-05-21,Tuesday,5,2,2024,True
2024-05-22,Wednesday,5,2,2024,True
2024-05-23,Thursday,5,2,2024,True
2024-05-24,Friday,5,2,2024,True
2024-05-25,Saturday,5,2,2024,False
2024-05-26,Sunday,5,2,2024,False
2024-05-27,Monday,5,2,2024,True
2024-05-28,Tuesday,5,2,2024,True
2024-05-29,Wednesday,5,2,2024,True
2024-05-30,Thursday,5,2,2024,True
2024-05-31,Friday,5,2,2024,True
2024-06-01,Saturday,6,2,2024,False
2024-06-02,Sunday,6,2,2024,False
2024-06-03,Monday,6,2,2024,True
2024-06-04,Tuesday,6,2,2024,True
2024-06-05,Wednesday,6,2,2024,True
2024-06-06,Thursday,6,2,2024,True
2024-06-07,Friday,6,2,2024,True
2024-06-08,Saturday,6,2,2024,False
2024-06-09,Sunday,6,2,2024,False
2024-06-10,Monday,6,2,2024,True
2024-06-11,Tuesday,6,2,2024,True
2024-06-12,Wednesday,6,2,2024,True
2024-06-13,Thursday,6,2,2024,True
2024-06-14,Friday,6,2,2024,True
2024-06-15,Saturday,6,2,2024,False
2024-06-16,Sunday,6,2,2024,False
2024-06-17,Monday,6,2,2024,True
2024-06-18,Tuesday,6,2,2024,True
2024-06-19,Wednesday,6,2,2024,True
2024-06-20,Thursday,6,2,2024,True
2024-06-21,Friday,6,2,2024,True
2024-06-22,Saturday,6,2,2024,False
2024-06-23,Sunday,6,2,2024,False
2024-06-24,Monday,6,2,2024,True
2024-06-25,Tuesday,6,2,2024,True
2024-06-26,Wednesday,6,2,2024,True
2024-06-27,Thursday,6,2,2024,True
2024-06-28,Friday,6,2,2024,True
2024-06-29,Saturday,6,2,2024,False
2024-06-30,Sunday,6,2,2024,False
2024-07-01,Monday,7,3,2024,True
2024-07-02,Tuesday,7,3,2024,True
2024-07-03,Wednesday,7,3,2024,True
2024-07-04,Thursday,7,3,2024,True
2024-07-05,Friday,7,3,2024,True
2024-07-06,Saturday,7,3,2024,False
2024-07-07,Sunday,7,3,2024,False
2024-07-08,Monday,7,3,2024,True
2024-07-09,Tuesday,7,3,2024,True
2024-07-10,Wednesday,7,3,2024,True
2024-07-11,Thursday,7,3,2024,True
2024-07-12,Friday,7,3,2024,True
2024-07-13,Saturday,7,3,2024,False
2024-07-14,Sunday,7,3,2024,False
2024-07-15,Monday,7,3,2024,True
2024-07-16,Tuesday,7,3,2024,True
2024-07-17,Wednesday,7,3,2024,True
2024-07-18,Thursday,7,3,2024,True
2024-07-19,Friday,7,3,2024,True
2024-07-20,Saturday,7,3,2024,False
2024-07-21,Sunday,7,3,2024,False
2024-07-22,Monday,7,3,2024,True
2024-07-23,Tuesday,7,3,2024,True
2024-07-24,Wednesday,7,3,2024,True
2024-07-25,Thursday,7,3,2024,True
2024-07-26,Friday,7,3,2024,True
2024-07-27,Saturday,7,3,2024,False
2024-07-28,Sunday,7,3,2024,False
2024-07-29,Monday,7,3,2024,True
2024-07-30,Tuesday,7,3,2024,True
2024-07-31,Wednesday,7,3,2024,True
2024-08-01,Thursday,8,3,2024,True
2024-08-02,Friday,8,3,2024,True
2024-08-03,Saturday,8,3,2024,False
2024-08-04,Sunday,8,3,2024,False
2024-08-05,Monday,8,3,2024,True
2024-08-06,Tuesday,8,3,2024,True
2024-08-07,Wednesday,8,3,2024,True
2024-08-08,Thursday,8,3,2024,True
2024-08-09,Friday,8,3,2024,True
2024-08-10,Saturday,8,3,2024,False
2024-08-11,Sunday,8,3,2024,False
2024-08-12,Monday,8,3,2024,True
2024-08-13,Tuesday,8,3,2024,True
2024-08-14,Wednesday,8,3,2024,True
2024-08-15,Thursday,8,3,2024,True
2024-08-16,Friday,8,3,2024,True
2024-08-17,Saturday,8,3,2024,False
2024-08-18,Sunday,8,3,2024,False
2024-08-19,Monday,8,3,2024,True
2024-08-20,Tuesday,8,3,2024,True
2024-08-21,Wednesday,8,3,2024,True
2024-08-22,Thursday,8,3,2024,True
2024-08-23,Friday,8,3,2024,True
2024-08-24,Saturday,8,3,2024,False
2024-08-25,Sunday,8,3,2024,False
2024-08-26,Monday,8,3,2024,True
2024-08-27,Tuesday,8,3,2024,True
2024-08-28,Wednesday,8,3,2024,True
2024-08-29,Thursday,8,3,2024,True
2024-08-30,Friday,8,3,2024,True
2024-08-31,Saturday,8,3,2024,False
2024-09-01,Sunday,9,3,2024,False
2024-09-02,Monday,9,3,2024,True
2024-09-03,Tuesday,9,3,2024,True
2024-09-04,Wednesday,9,3,2024,True
2024-09-05,Thursday,9,3,2024,True
2024-09-06,Friday,9,3,2024,True
2024-09-07,Saturday,9,3,2024,False
2024-09-08,Sunday,9,3,2024,False
2024-09-09,Monday,9,3,2024,True
2024-09-10,Tuesday,9,3,2024,True
2024-09-11,Wednesday,9,3,2024,True
2024-09-12,Thursday,9,3,2024,True
2024-09-13,Friday,9,3,2024,True
2024-09-14,Saturday,9,3,2024,False
2024-09-15,Sunday,9,3,2024,False
2024-09-16,Monday,9,3,2024,True
2024-09-17,Tuesday,9,3,2024,True
2024-09-18,Wednesday,9,3,2024,True
2024-09-19,Thursday,9,3,2024,True
2024-09-20,Friday,9,3,2024,True
2024-09-21,Saturday,9,3,2024,False
2024-09-22,Sunday,9,3,2024,False
2024-09-23,Monday,9,3,2024,True
2024-09-24,Tuesday,9,3,2024,True
2024-09-25,Wednesday,9,3,2024,True
2024-09-26,Thursday,9,3,2024,True
2024-09-27,Friday,9,3,2024,True
2024-09-28,Saturday,9,3,2024,False
2024-09-29,Sunday,9,3,2024,False
2024-09-30,Monday,9,3,2024,True
2024-10-01,Tuesday,10,4,2024,True
2024-10-02,Wednesday,10,4,2024,True
2024-10-03,Thursday,10,4,2024,True
2024-10-04,Friday,10,4,2024,True
2024-10-05,Saturday,10,4,2024,False
2024-10-06,Sunday,10,4,2024,False
2024-10-07,Monday,10,4,2024,True
2024-10-08,Tuesday,10,4,2024,True
2024-10-09,Wednesday,10,4,2024,True
2024-10-10,Thursday,10,4,2024,True
2024-10-11,Friday,10,4,2024,True
2024-10-12,Saturday,10,4,2024,False
2024-10-13,Sunday,10,4,2024,False
2024-10-14,Monday,10,4,2024,True
2024-10-15,Tuesday,10,4,2024,True
2024-10-16,Wednesday,10,4,2024,True
2024-10-17,Thursday,10,4,2024,True
2024-10-18,Friday,10,4,2024,True
2024-10-19,Saturday,10,4,2024,False
2024-10-20,Sunday,10,4,2024,False
2024-10-21,Monday,10,4,2024,True
2024-10-22,Tuesday,10,4,2024,True
2024-10-23,Wednesday,10,4,2024,True
2024-10-24,Thursday,10,4,2024,True
2024-10-25,Friday,10,4,2024,True
2024-10-26,Saturday,10,4,2024,False
2024-10-27,Sunday,10,4,2024,False
2024-10-28,Monday,10,4,2024,True
2024-10-29,Tuesday,10,4,2024,True
2024-10-30,Wednesday,10,4,2024,True
2024-10-31,Thursday,10,4,2024,True
2024-11-01,Friday,11,4,2024,True
2024-11-02,Saturday,11,4,2024,False
2024-11-03,Sunday,11,4,2024,False
2024-11-04,Monday,11,4,2024,True
2024-11-05,Tuesday,11,4,2024,True
2024-11-06,Wednesday,11,4,2024,True
2024-11-07,Thursday,11,4,2024,True
2024-11-08,Friday,11,4,2024,True
2024-11-09,Saturday,11,4,2024,False
2024-11-10,Sunday,11,4,2024,False
2024-11-11,Monday,11,4,2024,True
2024-11-12,Tuesday,11,4,2024,True
2024-11-13,Wednesday,11,4,2024,True
2024-11-14,Thursday,11,4,2024,True
2024-11-15,Friday,11,4,2024,True
2024-11-16,Saturday,11,4,2024,False
2024-11-17,Sunday,11,4,2024,False
2024-11-18,Monday,11,4,2024,True
2024-11-19,Tuesday,11,4,2024,True
2024-11-20,Wednesday,11,4,2024,True
2024-11-21,Thursday,11,4,2024,True
2024-11-22,Friday,11,4,2024,True
2024-11-23,Saturday,11,4,2024,False
2024-11-24,Sunday,11,4,2024,False
2024-11-25,Monday,11,4,2024,True
2024-11-26,Tuesday,11,4,2024,True
2024-11-27,Wednesday,11,4,2024,True
2024-11-28,Thursday,11,4,2024,True
2024-11-29,Friday,11,4,2024,True
2024-11-30,Saturday,11,4,2024,False
2024-12-01,Sunday,12,4,2024,False
2024-12-02,Monday,12,4,2024,True
2024-12-03,Tuesday,12,4,2024,True
2024-12-04,Wednesday,12,4,2024,True
2024-12-05,Thursday,12,4,2024,True
2024-12-06,Friday,12,4,2024,True
2024-12-07,Saturday,12,4,2024,False
2024-12-08,Sunday,12,4,2024,False
2024-12-09,Monday,12,4,2024,True
2024-12-10,Tuesday,12,4,2024,True
2024-12-11,Wednesday,12,4,2024,True
2024-12-12,Thursday,12,4,2024,True
2024-12-13,Friday,12,4,2024,True
2024-12-14,Saturday,12,4,2024,False
2024-12-15,Sunday,12,4,2024,False
2024-12-16,Monday,12,4,2024,True
2024-12-17,Tuesday,12,4,2024,True
2024-12-18,Wednesday,12,4,2024,True
2024-12-19,Thursday,12,4,2024,True
2024-12-20,Friday,12,4,2024,True
2024-12-21,Saturday,12,4,2024,False
2024-12-22,Sunday,12,4,2024,False
2024-12-23,Monday,12,4,2024,True
2024-12-24,Tuesday,12,4,2024,True
2024-12-25,Wednesday,12,4,2024,True
2024-12-26,Thursday,12,4,2024,True
2024-12-27,Friday,12,4,2024,True
2024-12-28,Saturday,12,4,2024,False
2024-12-29,Sunday,12,4,2024,False
2024-12-30,Monday,12,4,2024,True
2024-12-31,Tuesday,12,4,2024,True
2025-01-01,Wednesday,1,1,2025,True
2025-01-02,Thursday,1,1,2025,True
2025-01-03,Friday,1,1,2025,True
2025-01-04,Saturday,1,1,2025,False
2025-01-05,Sunday,1,1,2025,False
2025-01-06,Monday,1,1,2025,True
2025-01-07,Tuesday,1,1,2025,True
2025-01-08,Wednesday,1,1,2025,True
2025-01-09,Thursday,1,1,2025,True
2025-01-10,Friday,1,1,2025,True
2025-01-11,Saturday,1,1,2025,False
2025-01-12,Sunday,1,1,2025,False
2025-01-13,Monday,1,1,2025,True
2025-01-14,Tuesday,1,1,2025,True
2025-01-15,Wednesday,1,1,2025,True
2025-01-16,Thursday,1,1,2025,True
2025-01-17,Friday,1,1,2025,True
2025-01-18,Saturday,1,1,2025,False
2025-01-19,Sunday,1,1,2025,False
2025-01-20,Monday,1,1,2025,True
2025-01-21,Tuesday,1,1,2025,True
2025-01-22,Wednesday,1,1,2025,True
2025-01-23,Thursday,1,1,2025,True
2025-01-24,Friday,1,1,2025,True
2025-01-25,Saturday,1,1,2025,False
2025-01-26,Sunday,1,1,2025,False
2025-01-27,Monday,1,1,2025,True
2025-01-28,Tuesday,1,1,2025,True
2025-01-29,Wednesday,1,1,2025,True
2025-01-30,Thursday,1,1,2025,True
2025-01-31,Friday,1,1,2025,True
2025-02-01,Saturday,2,1,2025,False
2025-02-02,Sunday,2,1,2025,False
2025-02-03,Monday,2,1,2025,True
2025-02-04,Tuesday,2,1,2025,True
2025-02-05,Wednesday,2,1,2025,True
2025-02-06,Thursday,2,1,2025,True
2025-02-07,Friday,2,1,2025,True
2025-02-08,Saturday,2,1,2025,False
2025-02-09,Sunday,2,1,2025,False
2025-02-10,Monday,2,1,2025,True
2025-02-11,Tuesday,2,1,2025,True
2025-02-12,Wednesday,2,1,2025,True
2025-02-13,Thursday,2,1,2025,True
2025-02-14,Friday,2,1,2025,True
2025-02-15,Saturday,2,1,2025,False
2025-02-16,Sunday,2,1,2025,False
2025-02-17,Monday,2,1,2025,True
2025-02-18,Tuesday,2,1,2025,True
2025-02-19,Wednesday,2,1,2025,True
2025-02-20,Thursday,2,1,2025,True
2025-02-21,Friday,2,1,2025,True
2025-02-22,Saturday,2,1,2025,False
2025-02-23,Sunday,2,1,2025,False
2025-02-24,Monday,2,1,2025,True
2025-02-25,Tuesday,2,1,2025,True
2025-02-26,Wednesday,2,1,2025,True
2025-02-27,Thursday,2,1,2025,True
2025-02-28,Friday,2,1,2025,True
2025-03-01,Saturday,3,1,2025,False
2025-03-02,Sunday,3,1,2025,False
2025-03-03,Monday,3,1,2025,True
2025-03-04,Tuesday,3,1,2025,True
2025-03-05,Wednesday,3,1,2025,True
2025-03-06,Thursday,3,1,2025,True
2025-03-07,Friday,3,1,2025,True
2025-03-08,Saturday,3,1,2025,False
2025-03-09,Sunday,3,1,2025,False
2025-03-10,Monday,3,1,2025,True
2025-03-11,Tuesday,3,1,2025,True
2025-03-12,Wednesday,3,1,2025,True
2025-03-13,Thursday,3,1,2025,True
2025-03-14,Friday,3,1,2025,True
2025-03-15,Saturday,3,1,2025,False
2025-03-16,Sunday,3,1,2025,False
2025-03-17,Monday,3,1,2025,True
2025-03-18,Tuesday,3,1,2025,True
2025-03-19,Wednesday,3,1,2025,True
2025-03-20,Thursday,3,1,2025,True
2025-03-21,Friday,3,1,2025,True
2025-03-22,Saturday,3,1,2025,False
2025-03-23,Sunday,3,1,2025,False
2025-03-24,Monday,3,1,2025,True
2025-03-25,Tuesday,3,1,2025,True
2025-03-26,Wednesday,3,1,2025,True
2025-03-27,Thursday,3,1,2025,True
2025-03-28,Friday,3,1,2025,True
2025-03-29,Saturday,3,1,2025,False
2025-03-30,Sunday,3,1,2025,False
2025-03-31,Monday,3,1,2025,True
2025-04-01,Tuesday,4,2,2025,True
2025-04-02,Wednesday,4,2,2025,True
2025-04-03,Thursday,4,2,2025,True
2025-04-04,Friday,4,2,2025,True
2025-04-05,Saturday,4,2,2025,False
2025-04-06,Sunday,4,2,2025,False
2025-04-07,Monday,4,2,2025,True
2025-04-08,Tuesday,4,2,2025,True
2025-04-09,Wednesday,4,2,2025,True
2025-04-10,Thursday,4,2,2025,True
2025-04-11,Friday,4,2,2025,True
2025-04-12,Saturday,4,2,2025,False
2025-04-13,Sunday,4,2,2025,False
2025-04-14,Monday,4,2,2025,True
2025-04-15,Tuesday,4,2,2025,True
2025-04-16,Wednesday,4,2,2025,True
2025-04-17,Thursday,4,2,2025,True
2025-04-18,Friday,4,2,2025,True
2025-04-19,Saturday,4,2,2025,False
2025-04-20,Sunday,4,2,2025,False
2025-04-21,Monday,4,2,2025,True
2025-04-22,Tuesday,4,2,2025,True
2025-04-23,Wednesday,4,2,2025,True
2025-04-24,Thursday,4,2,2025,True
2025-04-25,Friday,4,2,2025,True
2025-04-26,Saturday,4,2,2025,False
2025-04-27,Sunday,4,2,2025,False
2025-04-28,Monday,4,2,2025,True
2025-04-29,Tuesday,4,2,2025,True
2025-04-30,Wednesday,4,2,2025,True
2025-05-01,Thursday,5,2,2025,True
2025-05-02,Friday,5,2,2025,True
2025-05-03,Saturday,5,2,2025,False
2025-05-04,Sunday,5,2,2025,False
2025-05-05,Monday,5,2,2025,True
2025-05-06,Tuesday,5,2,2025,True
2025-05-07,Wednesday,5,2,2025,True
2025-05-08,Thursday,5,2,2025,True
2025-05-09,Friday,5,2,2025,True
2025-05-10,Saturday,5,2,2025,False
2025-05-11,Sunday,5,2,2025,False
2025-05-12,Monday,5,2,2025,True
2025-05-13,Tuesday,5,2,2025,True
2025-05-14,Wednesday,5,2,2025,True
2025-05-15,Thursday,5,2,2025,True
2025-05-16,Friday,5,2,2025,True
2025-05-17,Saturday,5,2,2025,False
2025-05-18,Sunday,5,2,2025,False
2025-05-19,Monday,5,2,2025,True
2025-05-20,Tuesday,5,2,2025,True
2025-05-21,Wednesday,5,2,2025,True
2025-05-22,Thursday,5,2,2025,True
2025-05-23,Friday,5,2,2025,True
2025-05-24,Saturday,5,2,2025,False
2025-05-25,Sunday,5,2,2025,False
2025-05-26,Monday,5,2,2025,True
2025-05-27,Tuesday,5,2,2025,True
2025-05-28,Wednesday,5,2,2025,True
2025-05-29,Thursday,5,2,2025,True
2025-05-30,Friday,5,2,2025,True
2025-05-31,Saturday,5,2,2025,False
2025-06-01,Sunday,6,2,2025,False
2025-06-02,Monday,6,2,2025,True
2025-06-03,Tuesday,6,2,2025,True
2025-06-04,Wednesday,6,2,2025,True
2025-06-05,Thursday,6,2,2025,True
2025-06-06,Friday,6,2,2025,True
2025-06-07,Saturday,6,2,2025,False
2025-06-08,Sunday,6,2,2025,False
2025-06-09,Monday,6,2,2025,True
2025-06-10,Tuesday,6,2,2025,True
2025-06-11,Wednesday,6,2,2025,True
2025-06-12,Thursday,6,2,2025,True
2025-06-13,Friday,6,2,2025,True
2025-06-14,Saturday,6,2,2025,False
2025-06-15,Sunday,6,2,2025,False
2025-06-16,Monday,6,2,2025,True
2025-06-17,Tuesday,6,2,2025,True
2025-06-18,Wednesday,6,2,2025,True
2025-06-19,Thursday,6,2,2025,True
2025-06-20,Friday,6,2,2025,True
2025-06-21,Saturday,6,2,2025,False
2025-06-22,Sunday,6,2,2025,False
2025-06-23,Monday,6,2,2025,True
2025-06-24,Tuesday,6,2,2025,True
2025-06-25,Wednesday,6,2,2025,True
2025-06-26,Thursday,6,2,2025,True
2025-06-27,Friday,6,2,2025,True
2025-06-28,Saturday,6,2,2025,False
2025-06-29,Sunday,6,2,2025,False
2025-06-30,Monday,6,2,2025,True
2025-07-01,Tuesday,7,3,2025,True
2025-07-02,Wednesday,7,3,2025,True
2025-07-03,Thursday,7,3,2025,True
2025-07-04,Friday,7,3,2025,True
2025-07-05,Saturday,7,3,2025,False
2025-07-06,Sunday,7,3,2025,False
2025-07-07,Monday,7,3,2025,True
2025-07-08,Tuesday,7,3,2025,True
2025-07-09,Wednesday,7,3,2025,True
2025-07-10,Thursday,7,3,2025,True
2025-07-11,Friday,7,3,2025,True
2025-07-12,Saturday,7,3,2025,False
2025-07-13,Sunday,7,3,2025,False
2025-07-14,Monday,7,3,2025,True
2025-07-15,Tuesday,7,3,2025,True
2025-07-16,Wednesday,7,3,2025,True
2025-07-17,Thursday,7,3,2025,True
2025-07-18,Friday,7,3,2025,True
2025-07-19,Saturday,7,3,2025,False
2025-07-20,Sunday,7,3,2025,False
2025-07-21,Monday,7,3,2025,True
2025-07-22,Tuesday,7,3,2025,True
2025-07-23,Wednesday,7,3,2025,True
2025-07-24,Thursday,7,3,2025,True
2025-07-25,Friday,7,3,2025,True
2025-07-26,Saturday,7,3,2025,False
2025-07-27,Sunday,7,3,2025,False
2025-07-28,Monday,7,3,2025,True
2025-07-29,Tuesday,7,3,2025,True
2025-07-30,Wednesday,7,3,2025,True
2025-07-31,Thursday,7,3,2025,True
2025-08-01,Friday,8,3,2025,True
2025-08-02,Saturday,8,3,2025,False
2025-08-03,Sunday,8,3,2025,False
2025-08-04,Monday,8,3,2025,True
2025-08-05,Tuesday,8,3,2025,True
2025-08-06,Wednesday,8,3,2025,True
2025-08-07,Thursday,8,3,2025,True
2025-08-08,Friday,8,3,2025,True
2025-08-09,Saturday,8,3,2025,False
2025-08-10,Sunday,8,3,2025,False
2025-08-11,Monday,8,3,2025,True
2025-08-12,Tuesday,8,3,2025,True
2025-08-13,Wednesday,8,3,2025,True
2025-08-14,Thursday,8,3,2025,True
2025-08-15,Friday,8,3,2025,True
2025-08-16,Saturday,8,3,2025,False
2025-08-17,Sunday,8,3,2025,False
2025-08-18,Monday,8,3,2025,True
2025-08-19,Tuesday,8,3,2025,True
2025-08-20,Wednesday,8,3,2025,True
2025-08-21,Thursday,8,3,2025,True
2025-08-22,Friday,8,3,2025,True
2025-08-23,Saturday,8,3,2025,False
2025-08-24,Sunday,8,3,2025,False
2025-08-25,Monday,8,3,2025,True
2025-08-26,Tuesday,8,3,2025,True
2025-08-27,Wednesday,8,3,2025,True
2025-08-28,Thursday,8,3,2025,True
2025-08-29,Friday,8,3,2025,True
2025-08-30,Saturday,8,3,2025,False
2025-08-31,Sunday,8,3,2025,False
2025-09-01,Monday,9,3,2025,True
2025-09-02,Tuesday,9,3,2025,True
2025-09-03,Wednesday,9,3,2025,True
2025-09-04,Thursday,9,3,2025,True
2025-09-05,Friday,9,3,2025,True
2025-09-06,Saturday,9,3,2025,False
2025-09-07,Sunday,9,3,2025,False
2025-09-08,Monday,9,3,2025,True
2025-09-09,Tuesday,9,3,2025,True
2025-09-10,Wednesday,9,3,2025,True
2025-09-11,Thursday,9,3,2025,True
2025-09-12,Friday,9,3,2025,True
2025-09-13,Saturday,9,3,2025,False
2025-09-14,Sunday,9,3,2025,False
2025-09-15,Monday,9,3,2025,True
2025-09-16,Tuesday,9,3,2025,True
2025-09-17,Wednesday,9,3,2025,True
2025-09-18,Thursday,9,3,2025,True
2025-09-19,Friday,9,3,2025,True
2025-09-20,Saturday,9,3,2025,False
2025-09-21,Sunday,9,3,2025,False
2025-09-22,Monday,9,3,2025,True
2025-09-23,Tuesday,9,3,2025,True
2025-09-24,Wednesday,9,3,2025,True
2025-09-25,Thursday,9,3,2025,True
2025-09-26,Friday,9,3,2025,True
2025-09-27,Saturday,9,3,2025,False
2025-09-28,Sunday,9,3,2025,False
2025-09-29,Monday,9,3,2025,True
2025-09-30,Tuesday,9,3,2025,True
2025-10-01,Wednesday,10,4,2025,True
2025-10-02,Thursday,10,4,2025,True
2025-10-03,Friday,10,4,2025,True
2025-10-04,Saturday,10,4,2025,False
2025-10-05,Sunday,10,4,2025,False
2025-10-06,Monday,10,4,2025,True
2025-10-07,Tuesday,10,4,2025,True
2025-10-08,Wednesday,10,4,2025,True
2025-10-09,Thursday,10,4,2025,True
2025-10-10,Friday,10,4,2025,True
2025-10-11,Saturday,10,4,2025,False
2025-10-12,Sunday,10,4,2025,False
2025-10-13,Monday,10,4,2025,True
2025-10-14,Tuesday,10,4,2025,True
2025-10-15,Wednesday,10,4,2025,True
2025-10-16,Thursday,10,4,2025,True
2025-10-17,Friday,10,4,2025,True
2025-10-18,Saturday,10,4,2025,False
2025-10-19,Sunday,10,4,2025,False
2025-10-20,Monday,10,4,2025,True
2025-10-21,Tuesday,10,4,2025,True
2025-10-22,Wednesday,10,4,2025,True
2025-10-23,Thursday,10,4,2025,True
2025-10-24,Friday,10,4,2025,True
2025-10-25,Saturday,10,4,2025,False
2025-10-26,Sunday,10,4,2025,False
2025-10-27,Monday,10,4,2025,True
2025-10-28,Tuesday,10,4,2025,True
2025-10-29,Wednesday,10,4,2025,True
2025-10-30,Thursday,10,4,2025,True
2025-10-31,Friday,10,4,2025,True
2025-11-01,Saturday,11,4,2025,False
2025-11-02,Sunday,11,4,2025,False
2025-11-03,Monday,11,4,2025,True
2025-11-04,Tuesday,11,4,2025,True
2025-11-05,Wednesday,11,4,2025,True
2025-11-06,Thursday,11,4,2025,True
2025-11-07,Friday,11,4,2025,True
2025-11-08,Saturday,11,4,2025,False
2025-11-09,Sunday,11,4,2025,False
2025-11-10,Monday,11,4,2025,True
2025-11-11,Tuesday,11,4,2025,True
2025-11-12,Wednesday,11,4,2025,True
2025-11-13,Thursday,11,4,2025,True
2025-11-14,Friday,11,4,2025,True
2025-11-15,Saturday,11,4,2025,False
2025-11-16,Sunday,11,4,2025,False
2025-11-17,Monday,11,4,2025,True
2025-11-18,Tuesday,11,4,2025,True
2025-11-19,Wednesday,11,4,2025,True
2025-11-20,Thursday,11,4,2025,True
2025-11-21,Friday,11,4,2025,True
2025-11-22,Saturday,11,4,2025,False
2025-11-23,Sunday,11,4,2025,False
2025-11-24,Monday,11,4,2025,True
2025-11-25,Tuesday,11,4,2025,True
2025-11-26,Wednesday,11,4,2025,True
2025-11-27,Thursday,11,4,2025,True
2025-11-28,Friday,11,4,2025,True
2025-11-29,Saturday,11,4,2025,False
2025-11-30,Sunday,11,4,2025,False
2025-12-01,Monday,12,4,2025,True
2025-12-02,Tuesday,12,4,2025,True
2025-12-03,Wednesday,12,4,2025,True
2025-12-04,Thursday,12,4,2025,True
2025-12-05,Friday,12,4,2025,True
2025-12-06,Saturday,12,4,2025,False
2025-12-07,Sunday,12,4,2025,False
2025-12-08,Monday,12,4,2025,True
2025-12-09,Tuesday,12,4,2025,True
2025-12-10,Wednesday,12,4,2025,True
2025-12-11,Thursday,12,4,2025,True
2025-12-12,Friday,12,4,2025,True
2025-12-13,Saturday,12,4,2025,False
2025-12-14,Sunday,12,4,2025,False
2025-12-15,Monday,12,4,2025,True
2025-12-16,Tuesday,12,4,2025,True
2025-12-17,Wednesday,12,4,2025,True
2025-12-18,Thursday,12,4,2025,True
2025-12-19,Friday,12,4,2025,True
2025-12-20,Saturday,12,4,2025,False
2025-12-21,Sunday,12,4,2025,False
2025-12-22,Monday,12,4,2025,True
2025-12-23,Tuesday,12,4,2025,True
2025-12-24,Wednesday,12,4,2025,True
2025-12-25,Thursday,12,4,2025,True
2025-12-26,Friday,12,4,2025,True
2025-12-27,Saturday,12,4,2025,False
2025-12-28,Sunday,12,4,2025,False
2025-12-29,Monday,12,4,2025,True
2025-12-30,Tuesday,12,4,2025,True
2025-12-31,Wednesday,12,4,2025,True
2026-01-01,Thursday,1,1,2026,True
2026-01-02,Friday,1,1,2026,True
2026-01-03,Saturday,1,1,2026,False
2026-01-04,Sunday,1,1,2026,False
2026-01-05,Monday,1,1,2026,True
2026-01-06,Tuesday,1,1,2026,True
2026-01-07,Wednesday,1,1,2026,True
2026-01-08,Thursday,1,1,2026,True
2026-01-09,Friday,1,1,2026,True
2026-01-10,Saturday,1,1,2026,False
2026-01-11,Sunday,1,1,2026,False
2026-01-12,Monday,1,1,2026,True
2026-01-13,Tuesday,1,1,2026,True
2026-01-14,Wednesday,1,1,2026,True
2026-01-15,Thursday,1,1,2026,True
2026-01-16,Friday,1,1,2026,True
2026-01-17,Saturday,1,1,2026,False
2026-01-18,Sunday,1,1,2026,False
2026-01-19,Monday,1,1,2026,True
2026-01-20,Tuesday,1,1,2026,True
2026-01-21,Wednesday,1,1,2026,True
2026-01-22,Thursday,1,1,2026,True
2026-01-23,Friday,1,1,2026,True
2026-01-24,Saturday,1,1,2026,False
2026-01-25,Sunday,1,1,2026,False
2026-01-26,Monday,1,1,2026,True
2026-01-27,Tuesday,1,1,2026,True
2026-01-28,Wednesday,1,1,2026,True
2026-01-29,Thursday,1,1,2026,True
2026-01-30,Friday,1,1,2026,True
2026-01-31,Saturday,1,1,2026,False
2026-02-01,Sunday,2,1,2026,False
2026-02-02,Monday,2,1,2026,True
2026-02-03,Tuesday,2,1,2026,True
2026-02-04,Wednesday,2,1,2026,True
2026-02-05,Thursday,2,1,2026,True
2026-02-06,Friday,2,1,2026,True
2026-02-07,Saturday,2,1,2026,False
2026-02-08,Sunday,2,1,2026,False
2026-02-09,Monday,2,1,2026,True
2026-02-10,Tuesday,2,1,2026,True
2026-02-11,Wednesday,2,1,2026,True
2026-02-12,Thursday,2,1,2026,True
2026-02-13,Friday,2,1,2026,True
2026-02-14,Saturday,2,1,2026,False
2026-02-15,Sunday,2,1,2026,False
2026-02-16,Monday,2,1,2026,True
2026-02-17,Tuesday,2,1,2026,True
2026-02-18,Wednesday,2,1,2026,True
2026-02-19,Thursday,2,1,2026,True
2026-02-20,Friday,2,1,2026,True
2026-02-21,Saturday,2,1,2026,False
2026-02-22,Sunday,2,1,2026,False
2026-02-23,Monday,2,1,2026,True
2026-02-24,Tuesday,2,1,2026,True
2026-02-25,Wednesday,2,1,2026,True
2026-02-26,Thursday,2,1,2026,True
2026-02-27,Friday,2,1,2026,True
2026-02-28,Saturday,2,1,2026,False
2026-03-01,Sunday,3,1,2026,False
2026-03-02,Monday,3,1,2026,True
2026-03-03,Tuesday,3,1,2026,True
2026-03-04,Wednesday,3,1,2026,True
2026-03-05,Thursday,3,1,2026,True
2026-03-06,Friday,3,1,2026,True
2026-03-07,Saturday,3,1,2026,False
2026-03-08,Sunday,3,1,2026,False
2026-03-09,Monday,3,1,2026,True
2026-03-10,Tuesday,3,1,2026,True
2026-03-11,Wednesday,3,1,2026,True
2026-03-12,Thursday,3,1,2026,True
2026-03-13,Friday,3,1,2026,True
2026-03-14,Saturday,3,1,2026,False
2026-03-15,Sunday,3,1,2026,False
2026-03-16,Monday,3,1,2026,True
2026-03-17,Tuesday,3,1,2026,True
2026-03-18,Wednesday,3,1,2026,True
2026-03-19,Thursday,3,1,2026,True
2026-03-20,Friday,3,1,2026,True
2026-03-21,Saturday,3,1,2026,False
2026-03-22,Sunday,3,1,2026,False
2026-03-23,Monday,3,1,2026,True
2026-03-24,Tuesday,3,1,2026,True
2026-03-25,Wednesday,3,1,2026,True
2026-03-26,Thursday,3,1,2026,True
2026-03-27,Friday,3,1,2026,True
2026-03-28,Saturday,3,1,2026,False
2026-03-29,Sunday,3,1,2026,False
2026-03-30,Monday,3,1,2026,True
2026-03-31,Tuesday,3,1,2026,True
2026-04-01,Wednesday,4,2,2026,True
2026-04-02,Thursday,4,2,2026,True
2026-04-03,Friday,4,2,2026,True
2026-04-04,Saturday,4,2,2026,False
2026-04-05,Sunday,4,2,2026,False
2026-04-06,Monday,4,2,2026,True
2026-04-07,Tuesday,4,2,2026,True
2026-04-08,Wednesday,4,2,2026,True
2026-04-09,Thursday,4,2,2026,True
2026-04-10,Friday,4,2,2026,True
2026-04-11,Saturday,4,2,2026,False
2026-04-12,Sunday,4,2,2026,False
2026-04-13,Monday,4,2,2026,True
2026-04-14,Tuesday,4,2,2026,True
2026-04-15,Wednesday,4,2,2026,True
2026-04-16,Thursday,4,2,2026,True
2026-04-17,Friday,4,2,2026,True
2026-04-18,Saturday,4,2,2026,False
2026-04-19,Sunday,4,2,2026,False
2026-04-20,Monday,4,2,2026,True
2026-04-21,Tuesday,4,2,2026,True
2026-04-22,Wednesday,4,2,2026,True
2026-04-23,Thursday,4,2,2026,True
2026-04-24,Friday,4,2,2026,True
2026-04-25,Saturday,4,2,2026,False
2026-04-26,Sunday,4,2,2026,False
2026-04-27,Monday,4,2,2026,True
2026-04-28,Tuesday,4,2,2026,True
2026-04-29,Wednesday,4,2,2026,True
2026-04-30,Thursday,4,2,2026,True
2026-05-01,Friday,5,2,2026,True
2026-05-02,Saturday,5,2,2026,False
2026-05-03,Sunday,5,2,2026,False
2026-05-04,Monday,5,2,2026,True
2026-05-05,Tuesday,5,2,2026,True
2026-05-06,Wednesday,5,2,2026,True
2026-05-07,Thursday,5,2,2026,True
2026-05-08,Friday,5,2,2026,True
2026-05-09,Saturday,5,2,2026,False
2026-05-10,Sunday,5,2,2026,False
2026-05-11,Monday,5,2,2026,True
2026-05-12,Tuesday,5,2,2026,True
2026-05-13,Wednesday,5,2,2026,True
2026-05-14,Thursday,5,2,2026,True
2026-05-15,Friday,5,2,2026,True
2026-05-16,Saturday,5,2,2026,False
2026-05-17,Sunday,5,2,2026,False
2026-05-18,Monday,5,2,2026,True
2026-05-19,Tuesday,5,2,2026,True
2026-05-20,Wednesday,5,2,2026,True
2026-05-21,Thursday,5,2,2026,True
2026-05-22,Friday,5,2,2026,True
2026-05-23,Saturday,5,2,2026,False
2026-05-24,Sunday,5,2,2026,False
2026-05-25,Monday,5,2,2026,True
2026-05-26,Tuesday,5,2,2026,True
2026-05-27,Wednesday,5,2,2026,True
2026-05-28,Thursday,5,2,2026,True
2026-05-29,Friday,5,2,2026,True
2026-05-30,Saturday,5,2,2026,False
2026-05-31,Sunday,5,2,2026,False
2026-06-01,Monday,6,2,2026,True
2026-06-02,Tuesday,6,2,2026,True
2026-06-03,Wednesday,6,2,2026,True
2026-06-04,Thursday,6,2,2026,True
2026-06-05,Friday,6,2,2026,True
2026-06-06,Saturday,6,2,2026,False
2026-06-07,Sunday,6,2,2026,False
2026-06-08,Monday,6,2,2026,True
2026-06-09,Tuesday,6,2,2026,True
2026-06-10,Wednesday,6,2,2026,True
2026-06-11,Thursday,6,2,2026,True
2026-06-12,Friday,6,2,2026,True
2026-06-13,Saturday,6,2,2026,False
2026-06-14,Sunday,6,2,2026,False
2026-06-15,Monday,6,2,2026,True
2026-06-16,Tuesday,6,2,2026,True
2026-06-17,Wednesday,6,2,2026,True
2026-06-18,Thursday,6,2,2026,True
2026-06-19,Friday,6,2,2026,True
2026-06-20,Saturday,6,2,2026,False
2026-06-21,Sunday,6,2,2026,False
2026-06-22,Monday,6,2,2026,True
2026-06-23,Tuesday,6,2,2026,True
2026-06-24,Wednesday,6,2,2026,True
2026-06-25,Thursday,6,2,2026,True
2026-06-26,Friday,6,2,2026,True
2026-06-27,Saturday,6,2,2026,False
2026-06-28,Sunday,6,2,2026,False
2026-06-29,Monday,6,2,2026,True
2026-06-30,Tuesday,6,2,2026,True
2026-07-01,Wednesday,7,3,2026,True
2026-07-02,Thursday,7,3,2026,True
2026-07-03,Friday,7,3,2026,True
2026-07-04,Saturday,7,3,2026,False
2026-07-05,Sunday,7,3,2026,False
2026-07-06,Monday,7,3,2026,True
2026-07-07,Tuesday,7,3,2026,True
2026-07-08,Wednesday,7,3,2026,True
2026-07-09,Thursday,7,3,2026,True
2026-07-10,Friday,7,3,2026,True
2026-07-11,Saturday,7,3,2026,False
2026-07-12,Sunday,7,3,2026,False
2026-07-13,Monday,7,3,2026,True
2026-07-14,Tuesday,7,3,2026,True
2026-07-15,Wednesday,7,3,2026,True
2026-07-16,Thursday,7,3,2026,True
2026-07-17,Friday,7,3,2026,True
2026-07-18,Saturday,7,3,2026,False
2026-07-19,Sunday,7,3,2026,False
2026-07-20,Monday,7,3,2026,True
2026-07-21,Tuesday,7,3,2026,True
2026-07-22,Wednesday,7,3,2026,True
2026-07-23,Thursday,7,3,2026,True
2026-07-24,Friday,7,3,2026,True
2026-07-25,Saturday,7,3,2026,False
2026-07-26,Sunday,7,3,2026,False
2026-07-27,Monday,7,3,2026,True
2026-07-28,Tuesday,7,3,2026,True
2026-07-29,Wednesday,7,3,2026,True
2026-07-30,Thursday,7,3,2026,True
2026-07-31,Friday,7,3,2026,True
2026-08-01,Saturday,8,3,2026,False
2026-08-02,Sunday,8,3,2026,False
2026-08-03,Monday,8,3,2026,True
2026-08-04,Tuesday,8,3,2026,True
2026-08-05,Wednesday,8,3,2026,True
2026-08-06,Thursday,8,3,2026,True
2026-08-07,Friday,8,3,2026,True
2026-08-08,Saturday,8,3,2026,False
2026-08-09,Sunday,8,3,2026,False
2026-08-10,Monday,8,3,2026,True
2026-08-11,Tuesday,8,3,2026,True
2026-08-12,Wednesday,8,3,2026,True
2026-08-13,Thursday,8,3,2026,True
2026-08-14,Friday,8,3,2026,True
2026-08-15,Saturday,8,3,2026,False
2026-08-16,Sunday,8,3,2026,False
2026-08-17,Monday,8,3,2026,True
2026-08-18,Tuesday,8,3,2026,True
2026-08-19,Wednesday,8,3,2026,True
2026-08-20,Thursday,8,3,2026,True
2026-08-21,Friday,8,3,2026,True
2026-08-22,Saturday,8,3,2026,False
2026-08-23,Sunday,8,3,2026,False
2026-08-24,Monday,8,3,2026,True
2026-08-25,Tuesday,8,3,2026,True
2026-08-26,Wednesday,8,3,2026,True
2026-08-27,Thursday,8,3,2026,True
2026-08-28,Friday,8,3,2026,True
2026-08-29,Saturday,8,3,2026,False
2026-08-30,Sunday,8,3,2026,False
2026-08-31,Monday,8,3,2026,True
2026-09-01,Tuesday,9,3,2026,True
2026-09-02,Wednesday,9,3,2026,True
2026-09-03,Thursday,9,3,2026,True
2026-09-04,Friday,9,3,2026,True
2026-09-05,Saturday,9,3,2026,False
2026-09-06,Sunday,9,3,2026,False
2026-09-07,Monday,9,3,2026,True
2026-09-08,Tuesday,9,3,2026,True
2026-09-09,Wednesday,9,3,2026,True
2026-09-10,Thursday,9,3,2026,True
2026-09-11,Friday,9,3,2026,True
2026-09-12,Saturday,9,3,2026,False
2026-09-13,Sunday,9,3,2026,False
2026-09-14,Monday,9,3,2026,True
2026-09-15,Tuesday,9,3,2026,True
2026-09-16,Wednesday,9,3,2026,True
2026-09-17,Thursday,9,3,2026,True
2026-09-18,Friday,9,3,2026,True
2026-09-19,Saturday,9,3,2026,False
2026-09-20,Sunday,9,3,2026,False
2026-09-21,Monday,9,3,2026,True
2026-09-22,Tuesday,9,3,2026,True
2026-09-23,Wednesday,9,3,2026,True
2026-09-24,Thursday,9,3,2026,True
2026-09-25,Friday,9,3,2026,True
2026-09-26,Saturday,9,3,2026,False
2026-09-27,Sunday,9,3,2026,False
2026-09-28,Monday,9,3,2026,True
2026-09-29,Tuesday,9,3,2026,True
2026-09-30,Wednesday,9,3,2026,True
2026-10-01,Thursday,10,4,2026,True
2026-10-02,Friday,10,4,2026,True
2026-10-03,Saturday,10,4,2026,False
2026-10-04,Sunday,10,4,2026,False
2026-10-05,Monday,10,4,2026,True
2026-10-06,Tuesday,10,4,2026,True
2026-10-07,Wednesday,10,4,2026,True
2026-10-08,Thursday,10,4,2026,True
2026-10-09,Friday,10,4,2026,True
2026-10-10,Saturday,10,4,2026,False
2026-10-11,Sunday,10,4,2026,False
2026-10-12,Monday,10,4,2026,True
2026-10-13,Tuesday,10,4,2026,True
2026-10-14,Wednesday,10,4,2026,True
2026-10-15,Thursday,10,4,2026,True
2026-10-16,Friday,10,4,2026,True
2026-10-17,Saturday,10,4,2026,False
2026-10-18,Sunday,10,4,2026,False
2026-10-19,Monday,10,4,2026,True
2026-10-20,Tuesday,10,4,2026,True
2026-10-21,Wednesday,10,4,2026,True
2026-10-22,Thursday,10,4,2026,True
2026-10-23,Friday,10,4,2026,True
2026-10-24,Saturday,10,4,2026,False
2026-10-25,Sunday,10,4,2026,False
2026-10-26,Monday,10,4,2026,True
2026-10-27,Tuesday,10,4,2026,True
2026-10-28,Wednesday,10,4,2026,True
2026-10-29,Thursday,10,4,2026,True
2026-10-30,Friday,10,4,2026,True
2026-10-31,Saturday,10,4,2026,False
2026-11-01,Sunday,11,4,2026,False
2026-11-02,Monday,11,4,2026,True
2026-11-03,Tuesday,11,4,2026,True
2026-11-04,Wednesday,11,4,2026,True
2026-11-05,Thursday,11,4,2026,True
2026-11-06,Friday,11,4,2026,True
2026-11-07,Saturday,11,4,2026,False
2026-11-08,Sunday,11,4,2026,False
2026-11-09,Monday,11,4,2026,True
2026-11-10,Tuesday,11,4,2026,True
2026-11-11,Wednesday,11,4,2026,True
2026-11-12,Thursday,11,4,2026,True
2026-11-13,Friday,11,4,2026,True
2026-11-14,Saturday,11,4,2026,False
2026-11-15,Sunday,11,4,2026,False
2026-11-16,Monday,11,4,2026,True
2026-11-17,Tuesday,11,4,2026,True
2026-11-18,Wednesday,11,4,2026,True
2026-11-19,Thursday,11,4,2026,True
2026-11-20,Friday,11,4,2026,True
2026-11-21,Saturday,11,4,2026,False
2026-11-22,Sunday,11,4,2026,False
2026-11-23,Monday,11,4,2026,True
2026-11-24,Tuesday,11,4,2026,True
2026-11-25,Wednesday,11,4,2026,True
2026-11-26,Thursday,11,4,2026,True
2026-11-27,Friday,11,4,2026,True
2026-11-28,Saturday,11,4,2026,False
2026-11-29,Sunday,11,4,2026,False
2026-11-30,Monday,11,4,2026,True
2026-12-01,Tuesday,12,4,2026,True
2026-12-02,Wednesday,12,4,2026,True
2026-12-03,Thursday,12,4,2026,True
2026-12-04,Friday,12,4,2026,True
2026-12-05,Saturday,12,4,2026,False
2026-12-06,Sunday,12,4,2026,False
2026-12-07,Monday,12,4,2026,True
2026-12-08,Tuesday,12,4,2026,True
2026-12-09,Wednesday,12,4,2026,True
2026-12-10,Thursday,12,4,2026,True
2026-12-11,Friday,12,4,2026,True
2026-12-12,Saturday,12,4,2026,False
2026-12-13,Sunday,12,4,2026,False
2026-12-14,Monday,12,4,2026,True
2026-12-15,Tuesday,12,4,2026,True
2026-12-16,Wednesday,12,4,2026,True
2026-12-17,Thursday,12,4,2026,True
2026-12-18,Friday,12,4,2026,True
2026-12-19,Saturday,12,4,2026,False
2026-12-20,Sunday,12,4,2026,False
2026-12-21,Monday,12,4,2026,True
2026-12-22,Tuesday,12,4,2026,True
2026-12-23,Wednesday,12,4,2026,True
2026-12-24,Thursday,12,4,2026,True
2026-12-25,Friday,12,4,2026,True
2026-12-26,Saturday,12,4,2026,False
2026-12-27,Sunday,12,4,2026,False
2026-12-28,Monday,12,4,2026,True
2026-12-29,Tuesday,12,4,2026,True
2026-12-30,Wednesday,12,4,2026,True
2026-12-31,Thursday,12,4,2026,True
